3025;Wed. Mar 30, 2016;22;24;28;33;39;24;
3024;Sat. Mar 26, 2016;3;12;13;26;33;18;
3023;Wed. Mar 23, 2016;5;23;38;43;47;27;
3022;Sat. Mar 19, 2016;2;17;19;24;33;22;
3021;Wed. Mar 16, 2016;15;19;22;37;46;10;
3020;Sat. Mar 12, 2016;2;16;27;34;36;12;
3019;Wed. Mar 09, 2016;2;17;24;31;41;15;
3018;Sat. Mar 05, 2016;4;5;8;10;21;6;
3017;Wed. Mar 02, 2016;9;10;18;19;42;24;
3016;Sat. Feb 27, 2016;2;8;10;28;47;10;
3015;Wed. Feb 24, 2016;6;11;16;42;43;10;
3014;Sat. Feb 20, 2016;22;24;31;34;36;3;
3013;Wed. Feb 17, 2016;21;26;28;38;44;1;
3012;Sat. Feb 13, 2016;9;13;25;44;45;5;
3011;Wed. Feb 10, 2016;3;8;12;24;30;1;
3010;Sat. Feb 06, 2016;4;20;29;37;45;23;
3009;Wed. Feb 03, 2016;11;14;21;32;47;11;
3008;Sat. Jan 30, 2016;2;31;33;36;38;17;
3007;Wed. Jan 27, 2016;12;29;33;36;43;10;
3006;Sat. Jan 23, 2016;12;14;22;30;32;12;
3005;Wed. Jan 20, 2016;3;14;18;25;38;22;
3004;Sat. Jan 16, 2016;10;11;26;28;47;9;
3003;Wed. Jan 13, 2016;12;13;35;40;45;24;
3002;Sat. Jan 09, 2016;5;12;24;25;36;4;
3001;Wed. Jan 06, 2016;2;9;15;35;37;18;
3000;Sat. Jan 02, 2016;10;21;29;39;43;24;
2999;Wed. Dec 30, 2015;3;4;6;25;26;22;
2998;Sat. Dec 26, 2015;3;4;25;37;47;11;
2997;Wed. Dec 23, 2015;6;9;11;19;47;5;
2996;Sat. Dec 19, 2015;4;17;25;27;31;14;
2995;Wed. Dec 16, 2015;1;2;7;13;23;11;
2994;Sat. Dec 12, 2015;11;12;22;24;42;27;
2993;Wed. Dec 09, 2015;7;11;13;40;47;22;
2992;Sat. Dec 05, 2015;9;30;37;44;46;8;
2991;Wed. Dec 02, 2015;1;24;32;36;42;14;
2990;Sat. Nov 28, 2015;9;16;20;21;31;1;
2989;Wed. Nov 25, 2015;12;20;24;25;39;3;
2988;Sat. Nov 21, 2015;7;15;19;38;47;25;
2987;Wed. Nov 18, 2015;13;21;34;37;41;2;
2986;Sat. Nov 14, 2015;2;17;18;35;42;1;
2985;Wed. Nov 11, 2015;5;9;22;36;44;12;
2984;Sat. Nov 07, 2015;5;10;26;32;42;10;
2983;Wed. Nov 04, 2015;4;10;18;29;38;24;
2982;Sat. Oct 31, 2015;25;32;35;38;44;3;
2981;Wed. Oct 28, 2015;7;9;12;20;34;5;
2980;Sat. Oct 24, 2015;1;12;15;28;45;27;
2979;Wed. Oct 21, 2015;5;13;16;19;27;9;
2978;Sat. Oct 17, 2015;12;14;21;32;36;14;
2977;Wed. Oct 14, 2015;11;13;25;30;43;4;
2976;Sat. Oct 10, 2015;21;28;33;34;37;17;
2975;Wed. Oct 07, 2015;4;11;12;28;41;22;
2974;Sat. Oct 03, 2015;2;12;16;17;43;22;
2973;Wed. Sep 30, 2015;6;13;15;31;32;26;
2972;Sat. Sep 26, 2015;4;15;25;44;45;2;
2971;Wed. Sep 23, 2015;17;25;26;30;44;16;
2970;Sat. Sep 19, 2015;17;21;27;30;47;24;
2969;Wed. Sep 16, 2015;6;8;21;34;35;25;
2968;Sat. Sep 12, 2015;4;10;15;33;46;15;
2967;Wed. Sep 09, 2015;9;15;18;21;22;26;
2966;Sat. Sep 05, 2015;4;22;39;44;47;9;
2965;Wed. Sep 02, 2015;17;23;36;38;40;8;
2964;Sat. Aug 29, 2015;6;20;32;39;43;16;
2963;Wed. Aug 26, 2015;19;28;31;39;47;17;
2962;Sat. Aug 22, 2015;6;9;31;33;42;13;
2961;Wed. Aug 19, 2015;5;23;31;42;45;6;
2960;Sat. Aug 15, 2015;14;21;27;30;45;3;
2959;Wed. Aug 12, 2015;13;29;40;43;44;12;
2958;Sat. Aug 08, 2015;1;16;30;33;46;24;
2957;Wed. Aug 05, 2015;10;15;16;26;29;27;
2956;Sat. Aug 01, 2015;1;3;6;17;28;2;
2955;Wed. Jul 29, 2015;13;15;33;35;36;15;
2954;Sat. Jul 25, 2015;9;19;21;24;45;27;
2953;Wed. Jul 22, 2015;1;3;34;35;36;24;
2952;Sat. Jul 18, 2015;4;22;24;31;43;1;
2951;Wed. Jul 15, 2015;1;11;17;26;44;18;
2950;Sat. Jul 11, 2015;18;23;33;34;39;10;
2949;Wed. Jul 08, 2015;6;25;34;41;45;10;
2948;Sat. Jul 04, 2015;17;19;23;30;43;6;
2947;Wed. Jul 01, 2015;7;14;29;34;37;10;
2946;Sat. Jun 27, 2015;1;5;16;21;35;13;
2945;Wed. Jun 24, 2015;27;29;30;37;44;8;
2944;Sat. Jun 20, 2015;4;12;31;33;34;14;
2943;Wed. Jun 17, 2015;7;20;32;33;37;9;
2942;Sat. Jun 13, 2015;14;15;33;38;41;27;
2941;Wed. Jun 10, 2015;1;39;43;44;47;10;
2940;Sat. Jun 06, 2015;16;22;23;39;42;25;
2939;Wed. Jun 03, 2015;7;17;18;29;40;13;
2938;Sat. May 30, 2015;11;25;31;34;47;16;
2937;Wed. May 27, 2015;27;33;35;42;43;18;
2936;Sat. May 23, 2015;11;12;17;19;46;26;
2935;Wed. May 20, 2015;1;4;11;22;29;20;
2934;Sat. May 16, 2015;2;5;22;39;42;3;
2933;Wed. May 13, 2015;12;18;28;38;43;20;
2932;Sat. May 09, 2015;8;24;41;44;47;23;
2931;Wed. May 06, 2015;11;14;35;40;43;9;
2930;Sat. May 02, 2015;23;31;34;36;45;4;
2929;Wed. Apr 29, 2015;5;24;25;34;47;3;
2928;Sat. Apr 25, 2015;4;10;15;40;47;11;
2927;Wed. Apr 22, 2015;7;11;35;39;42;18;
2926;Sat. Apr 18, 2015;7;22;36;38;45;7;
2925;Wed. Apr 15, 2015;3;5;6;14;38;10;
2924;Sat. Apr 11, 2015;6;13;16;27;42;4;
2923;Wed. Apr 08, 2015;9;20;26;27;47;26;
2922;Sat. Apr 04, 2015;1;4;20;27;36;15;
2921;Wed. Apr 01, 2015;2;6;12;34;46;27;
2920;Sat. Mar 28, 2015;7;9;24;29;41;27;
2919;Wed. Mar 25, 2015;3;5;10;25;47;7;
2918;Sat. Mar 21, 2015;2;21;28;39;45;4;
2917;Wed. Mar 18, 2015;1;3;12;15;26;19;
2916;Sat. Mar 14, 2015;13;17;18;22;37;24;
2915;Wed. Mar 11, 2015;7;28;32;44;47;4;
2914;Sat. Mar 07, 2015;15;19;22;43;46;7;
2913;Wed. Mar 04, 2015;15;23;32;36;39;20;
2912;Sat. Feb 28, 2015;18;33;34;36;45;17;
2911;Wed. Feb 25, 2015;11;29;35;36;39;10;
2910;Sat. Feb 21, 2015;13;18;21;31;38;21;
2909;Wed. Feb 18, 2015;24;28;29;32;44;2;
2908;Sat. Feb 14, 2015;8;9;18;22;31;27;
2907;Wed. Feb 11, 2015;10;26;38;43;46;24;
2906;Sat. Feb 07, 2015;6;20;23;24;29;25;
2905;Wed. Feb 04, 2015;1;2;12;19;45;8;
2904;Sat. Jan 31, 2015;3;19;20;32;36;11;
2903;Wed. Jan 28, 2015;2;10;36;43;46;23;
2902;Sat. Jan 24, 2015;1;15;23;24;30;7;
2901;Wed. Jan 21, 2015;4;15;26;27;39;3;
2900;Sat. Jan 17, 2015;14;19;29;32;42;27;
2899;Wed. Jan 14, 2015;5;14;16;19;36;23;
2898;Sat. Jan 10, 2015;1;5;16;24;30;7;
2897;Wed. Jan 07, 2015;11;19;30;36;38;7;
2896;Sat. Jan 03, 2015;6;14;15;28;44;26;
2895;Wed. Dec 31, 2014;8;15;29;35;45;18;
2894;Sat. Dec 27, 2014;3;7;19;29;32;26;
2893;Wed. Dec 24, 2014;3;6;8;22;38;26;
2892;Sat. Dec 20, 2014;5;7;21;31;33;12;
2891;Wed. Dec 17, 2014;6;7;14;21;26;22;
2890;Sat. Dec 13, 2014;3;7;19;25;42;5;
2889;Wed. Dec 10, 2014;1;3;13;25;39;8;
2888;Sat. Dec 06, 2014;20;30;38;44;45;20;
2887;Wed. Dec 03, 2014;9;19;23;37;47;23;
2886;Sat. Nov 29, 2014;5;30;37;45;47;21;
2885;Wed. Nov 26, 2014;3;10;20;28;32;12;
2884;Sat. Nov 22, 2014;2;4;8;9;18;2;
2883;Wed. Nov 19, 2014;8;29;37;43;47;23;
2882;Sat. Nov 15, 2014;4;7;34;41;43;25;
2881;Wed. Nov 12, 2014;10;20;34;36;47;21;
2880;Sat. Nov 08, 2014;19;21;24;25;32;18;
2879;Wed. Nov 05, 2014;1;15;21;24;26;26;
2878;Sat. Nov 01, 2014;3;12;21;24;42;7;
2877;Wed. Oct 29, 2014;12;13;32;38;41;16;
2876;Sat. Oct 25, 2014;1;18;22;38;44;26;
2875;Wed. Oct 22, 2014;2;20;25;32;33;26;
2874;Sat. Oct 18, 2014;9;12;15;23;40;16;
2873;Wed. Oct 15, 2014;2;8;18;22;33;13;
2872;Sat. Oct 11, 2014;3;5;6;15;18;21;
2871;Wed. Oct 08, 2014;1;14;34;42;44;21;
2870;Sat. Oct 04, 2014;8;12;27;33;35;27;
2869;Wed. Oct 01, 2014;2;6;7;15;37;10;
2868;Sat. Sep 27, 2014;1;3;6;42;47;1;
2867;Wed. Sep 24, 2014;17;23;28;33;42;1;
2866;Sat. Sep 20, 2014;2;7;12;15;38;3;
2865;Wed. Sep 17, 2014;6;7;13;39;46;18;
2864;Sat. Sep 13, 2014;36;37;38;41;47;5;
2863;Wed. Sep 10, 2014;10;12;15;31;46;23;
2862;Sat. Sep 06, 2014;6;23;33;36;41;14;
2861;Wed. Sep 03, 2014;12;18;21;26;41;10;
2860;Sat. Aug 30, 2014;9;15;31;32;46;14;
2859;Wed. Aug 27, 2014;1;2;6;29;33;14;
2858;Sat. Aug 23, 2014;13;23;25;38;43;23;
2857;Wed. Aug 20, 2014;9;11;14;18;36;25;
2856;Sat. Aug 16, 2014;12;13;22;27;28;3;
2855;Wed. Aug 13, 2014;14;18;20;27;46;18;
2854;Sat. Aug 09, 2014;8;13;14;16;33;4;
2853;Wed. Aug 06, 2014;2;29;32;37;38;26;
2852;Sat. Aug 02, 2014;6;16;22;27;32;3;
2851;Wed. Jul 30, 2014;4;11;25;33;40;6;
2850;Sat. Jul 26, 2014;16;22;26;31;36;13;
2849;Wed. Jul 23, 2014;2;9;33;36;37;12;
2848;Sat. Jul 19, 2014;7;15;18;26;39;19;
2847;Wed. Jul 16, 2014;3;5;6;14;34;17;
2846;Sat. Jul 12, 2014;11;15;18;23;28;12;
2845;Wed. Jul 09, 2014;7;20;30;34;45;15;
2844;Sat. Jul 05, 2014;3;11;12;26;27;10;
2843;Wed. Jul 02, 2014;16;34;42;44;46;9;
2842;Sat. Jun 28, 2014;18;27;29;38;42;24;
2841;Wed. Jun 25, 2014;4;15;33;40;45;4;
2840;Sat. Jun 21, 2014;13;16;18;29;39;3;
2839;Wed. Jun 18, 2014;1;31;32;34;47;10;
2838;Sat. Jun 14, 2014;5;16;20;29;42;5;
2837;Wed. Jun 11, 2014;3;15;23;25;38;7;
2836;Sat. Jun 07, 2014;1;3;8;25;40;8;
2835;Wed. Jun 04, 2014;7;11;24;37;47;1;
2834;Sat. May 31, 2014;4;8;15;41;44;2;
2833;Wed. May 28, 2014;4;14;19;36;41;3;
2832;Sat. May 24, 2014;11;13;23;27;29;10;
2831;Wed. May 21, 2014;6;12;36;39;44;2;
2830;Sat. May 17, 2014;2;4;20;24;27;10;
2829;Wed. May 14, 2014;8;12;15;28;33;26;
2828;Sat. May 10, 2014;14;20;21;25;31;25;
2827;Wed. May 07, 2014;4;6;16;27;39;10;
2826;Sat. May 03, 2014;5;9;25;31;46;26;
2825;Wed. Apr 30, 2014;7;14;16;22;28;20;
2824;Sat. Apr 26, 2014;15;16;24;29;35;6;
2823;Wed. Apr 23, 2014;2;18;19;25;36;10;
2822;Sat. Apr 19, 2014;5;30;31;32;46;7;
2821;Wed. Apr 16, 2014;11;16;23;38;39;20;
2820;Sat. Apr 12, 2014;2;12;20;27;38;5;
2819;Wed. Apr 09, 2014;1;5;13;35;46;14;
2818;Sat. Apr 05, 2014;2;13;29;33;41;19;
2817;Wed. Apr 02, 2014;7;8;23;37;42;23;
2816;Sat. Mar 29, 2014;12;20;24;30;42;7;
2815;Wed. Mar 26, 2014;3;8;26;37;46;18;
2814;Sat. Mar 22, 2014;8;30;35;38;41;27;
2813;Wed. Mar 19, 2014;3;9;13;20;28;24;
2812;Sat. Mar 15, 2014;10;20;21;23;36;7;
2811;Wed. Mar 12, 2014;4;23;25;33;42;15;
2810;Sat. Mar 08, 2014;1;16;26;45;46;5;
2809;Wed. Mar 05, 2014;6;32;33;43;44;16;
2808;Sat. Mar 01, 2014;4;10;20;30;35;13;
2807;Wed. Feb 26, 2014;5;7;17;20;23;23;
2806;Sat. Feb 22, 2014;9;22;29;32;39;23;
2805;Wed. Feb 19, 2014;10;15;22;24;31;1;
2804;Sat. Feb 15, 2014;8;21;24;28;38;1;
2803;Wed. Feb 12, 2014;10;19;28;32;39;18;
2802;Sat. Feb 08, 2014;12;14;39;43;45;19;
2801;Wed. Feb 05, 2014;34;39;40;45;47;18;
2800;Sat. Feb 01, 2014;9;14;15;16;44;24;
2799;Wed. Jan 29, 2014;5;9;17;29;33;1;
2798;Sat. Jan 25, 2014;5;7;13;38;43;11;
2797;Wed. Jan 22, 2014;1;7;31;42;44;24;
2796;Sat. Jan 18, 2014;16;23;25;35;47;13;
2795;Wed. Jan 15, 2014;9;21;34;43;46;21;
2794;Sat. Jan 11, 2014;5;9;11;35;43;4;
2793;Wed. Jan 08, 2014;16;17;21;26;37;2;
2792;Sat. Jan 04, 2014;1;10;14;35;47;11;
2791;Wed. Jan 01, 2014;3;9;19;24;42;16;
2790;Sat. Dec 28, 2013;4;23;27;28;33;16;
2789;Wed. Dec 25, 2013;8;23;26;33;40;14;
2788;Sat. Dec 21, 2013;2;32;43;46;47;7;
2787;Wed. Dec 18, 2013;14;16;17;24;33;2;
2786;Sat. Dec 14, 2013;10;12;18;22;31;2;
2785;Wed. Dec 11, 2013;2;18;27;36;37;6;
2784;Sat. Dec 07, 2013;3;17;23;37;47;22;
2783;Wed. Dec 04, 2013;7;24;28;43;46;13;
2782;Sat. Nov 30, 2013;2;11;13;16;22;23;
2781;Wed. Nov 27, 2013;6;7;30;41;43;11;
2780;Sat. Nov 23, 2013;9;17;22;32;47;3;
2779;Wed. Nov 20, 2013;1;3;26;29;37;6;
2778;Sat. Nov 16, 2013;18;19;27;29;45;15;
2777;Wed. Nov 13, 2013;1;9;13;34;46;13;
2776;Sat. Nov 09, 2013;7;14;34;41;46;1;
2775;Wed. Nov 06, 2013;3;4;8;13;43;6;
2774;Sat. Nov 02, 2013;2;15;23;32;39;12;
2773;Wed. Oct 30, 2013;3;12;33;44;47;22;
2772;Sat. Oct 26, 2013;11;25;33;35;41;10;
2771;Wed. Oct 23, 2013;4;16;28;35;45;1;
2770;Sat. Oct 19, 2013;4;21;33;38;41;6;
2769;Wed. Oct 16, 2013;9;19;32;40;47;6;
2768;Sat. Oct 12, 2013;5;7;13;31;43;20;
2767;Wed. Oct 09, 2013;1;32;33;38;43;16;
2766;Sat. Oct 05, 2013;13;22;33;46;47;24;
2765;Wed. Oct 02, 2013;23;30;37;38;45;22;
2764;Sat. Sep 28, 2013;6;22;29;44;46;9;
2763;Wed. Sep 25, 2013;5;14;22;25;26;8;
2762;Sat. Sep 21, 2013;10;15;25;36;46;18;
2761;Wed. Sep 18, 2013;4;7;10;25;41;10;
2760;Sat. Sep 14, 2013;7;15;17;33;35;22;
2759;Wed. Sep 11, 2013;3;5;14;40;46;2;
2758;Sat. Sep 07, 2013;25;28;35;45;47;20;
2757;Wed. Sep 04, 2013;12;19;22;37;45;15;
2756;Sat. Aug 31, 2013;4;18;24;33;47;1;
2755;Wed. Aug 28, 2013;9;25;40;44;47;15;
2754;Sat. Aug 24, 2013;1;15;35;40;45;23;
2753;Wed. Aug 21, 2013;17;29;36;41;43;17;
2752;Sat. Aug 17, 2013;5;8;19;21;37;12;
2751;Wed. Aug 14, 2013;1;7;15;31;43;3;
2750;Sat. Aug 10, 2013;5;7;14;44;46;27;
2749;Wed. Aug 07, 2013;21;29;31;35;45;2;
2748;Sat. Aug 03, 2013;12;32;39;46;47;5;
2747;Wed. Jul 31, 2013;15;17;29;32;41;23;
2746;Sat. Jul 27, 2013;18;20;30;40;42;15;
2745;Wed. Jul 24, 2013;10;22;34;37;47;23;
2744;Sat. Jul 20, 2013;10;13;27;33;34;23;
2743;Wed. Jul 17, 2013;12;17;22;25;37;24;
2742;Sat. Jul 13, 2013;1;2;6;25;40;19;
2741;Wed. Jul 10, 2013;1;2;3;28;38;21;
2740;Sat. Jul 06, 2013;2;18;20;21;45;24;
2739;Wed. Jul 03, 2013;14;35;36;40;47;6;
2738;Sat. Jun 29, 2013;6;26;30;41;44;8;
2737;Wed. Jun 26, 2013;4;20;26;31;36;22;
2736;Sat. Jun 22, 2013;9;23;25;27;34;12;
2735;Wed. Jun 19, 2013;3;5;32;34;36;20;
2734;Sat. Jun 15, 2013;30;33;41;44;47;7;
2733;Wed. Jun 12, 2013;30;38;41;42;43;22;
2732;Sat. Jun 08, 2013;10;23;30;38;43;8;
2731;Wed. Jun 05, 2013;5;8;28;35;39;8;
2730;Sat. Jun 01, 2013;6;9;10;25;45;4;
2729;Wed. May 29, 2013;12;36;37;44;47;13;
2728;Sat. May 25, 2013;2;11;12;25;32;26;
2727;Wed. May 22, 2013;19;24;32;45;47;14;
2726;Sat. May 18, 2013;7;12;30;40;47;16;
2725;Wed. May 15, 2013;13;17;18;33;46;7;
2724;Sat. May 11, 2013;30;31;32;34;39;6;
2723;Wed. May 08, 2013;9;27;28;34;47;6;
2722;Sat. May 04, 2013;11;13;15;17;26;26;
2721;Wed. May 01, 2013;9;14;16;18;19;24;
2720;Sat. Apr 27, 2013;21;32;36;39;40;25;
2719;Wed. Apr 24, 2013;5;25;32;33;46;26;
2718;Sat. Apr 20, 2013;3;15;26;32;39;6;
2717;Wed. Apr 17, 2013;1;3;5;23;29;15;
2716;Sat. Apr 13, 2013;12;14;29;39;41;26;
2715;Wed. Apr 10, 2013;9;18;37;41;42;3;
2714;Sat. Apr 06, 2013;20;21;32;37;41;22;
2713;Wed. Apr 03, 2013;15;21;25;31;44;27;
2712;Sat. Mar 30, 2013;5;22;28;37;43;19;
2711;Wed. Mar 27, 2013;4;10;29;36;44;17;
2710;Sat. Mar 23, 2013;4;11;21;26;46;6;
2709;Wed. Mar 20, 2013;8;11;13;22;26;18;
2708;Sat. Mar 16, 2013;14;23;28;30;35;24;
2707;Wed. Mar 13, 2013;22;23;34;40;42;9;
2706;Sat. Mar 09, 2013;3;11;21;36;47;7;
2705;Wed. Mar 06, 2013;1;2;3;22;34;8;
2704;Sat. Mar 02, 2013;5;10;26;43;44;16;
2703;Wed. Feb 27, 2013;5;6;12;15;39;18;
2702;Sat. Feb 23, 2013;8;28;32;43;44;11;
2701;Wed. Feb 20, 2013;8;14;32;35;37;4;
2700;Sat. Feb 16, 2013;13;14;19;35;45;20;
2699;Wed. Feb 13, 2013;16;17;20;32;36;10;
2698;Sat. Feb 09, 2013;16;32;35;40;47;24;
2697;Wed. Feb 06, 2013;1;8;12;32;41;21;
2696;Sat. Feb 02, 2013;7;12;15;17;37;25;
2695;Wed. Jan 30, 2013;7;22;35;36;37;4;
2694;Sat. Jan 26, 2013;4;10;23;24;44;23;
2693;Wed. Jan 23, 2013;8;16;22;30;33;4;
2692;Sat. Jan 19, 2013;5;10;26;28;43;9;
2691;Wed. Jan 16, 2013;26;30;32;37;45;16;
2690;Sat. Jan 12, 2013;10;11;27;34;39;27;
2689;Wed. Jan 09, 2013;3;8;18;40;45;26;
2688;Sat. Jan 05, 2013;2;14;15;37;43;23;
2687;Wed. Jan 02, 2013;4;6;22;24;29;18;
2686;Sat. Dec 29, 2012;6;9;20;28;33;19;
2685;Wed. Dec 26, 2012;2;9;24;33;37;1;
2684;Sat. Dec 22, 2012;7;12;20;32;39;20;
2683;Wed. Dec 19, 2012;6;9;11;28;45;7;
2682;Sat. Dec 15, 2012;11;15;24;26;28;10;
2681;Wed. Dec 12, 2012;1;36;41;44;47;10;
2680;Sat. Dec 08, 2012;17;24;30;33;45;22;
2679;Wed. Dec 05, 2012;11;15;17;30;37;11;
2678;Sat. Dec 01, 2012;4;17;18;32;46;24;
2677;Wed. Nov 28, 2012;2;9;13;21;46;23;
2676;Sat. Nov 24, 2012;2;11;12;26;42;7;
2675;Wed. Nov 21, 2012;1;2;7;19;47;14;
2674;Sat. Nov 17, 2012;8;9;16;22;26;15;
2673;Wed. Nov 14, 2012;11;15;25;31;32;18;
2672;Sat. Nov 10, 2012;12;14;22;32;46;24;
2671;Wed. Nov 07, 2012;13;25;29;40;46;21;
2670;Sat. Nov 03, 2012;11;14;20;36;39;11;
2669;Wed. Oct 31, 2012;9;16;29;31;40;20;
2668;Sat. Oct 27, 2012;5;14;36;38;47;18;
2667;Wed. Oct 24, 2012;20;26;36;41;42;16;
2666;Sat. Oct 20, 2012;20;22;26;27;43;16;
2665;Wed. Oct 17, 2012;4;19;25;40;42;3;
2664;Sat. Oct 13, 2012;4;5;25;43;45;25;
2663;Wed. Oct 10, 2012;21;35;40;44;47;11;
2662;Sat. Oct 06, 2012;3;9;15;17;31;25;
2661;Wed. Oct 03, 2012;8;12;13;29;36;10;
2660;Sat. Sep 29, 2012;3;4;27;30;39;3;
2659;Wed. Sep 26, 2012;13;18;31;38;44;25;
2658;Sat. Sep 22, 2012;4;7;13;28;34;4;
2657;Wed. Sep 19, 2012;5;11;28;34;39;15;
2656;Sat. Sep 15, 2012;1;6;7;19;36;16;
2655;Wed. Sep 12, 2012;7;8;14;23;41;13;
2654;Sat. Sep 08, 2012;4;6;22;29;47;27;
2653;Wed. Sep 05, 2012;5;10;12;20;29;25;
2652;Sat. Sep 01, 2012;14;17;31;42;47;13;
2651;Wed. Aug 29, 2012;19;26;32;34;42;1;
2650;Sat. Aug 25, 2012;4;7;11;15;38;4;
2649;Wed. Aug 22, 2012;4;11;22;34;40;9;
2648;Sat. Aug 18, 2012;4;18;19;42;43;25;
2647;Wed. Aug 15, 2012;2;18;23;24;39;5;
2646;Sat. Aug 11, 2012;6;19;39;40;43;24;
2645;Wed. Aug 08, 2012;6;22;31;36;43;18;
2644;Sat. Aug 04, 2012;5;18;28;43;44;24;
2643;Wed. Aug 01, 2012;2;11;36;40;45;13;
2642;Sat. Jul 28, 2012;14;19;22;36;40;3;
2641;Wed. Jul 25, 2012;3;8;17;20;44;23;
2640;Sat. Jul 21, 2012;8;19;23;24;30;23;
2639;Wed. Jul 18, 2012;16;18;19;29;38;9;
2638;Sat. Jul 14, 2012;2;6;8;12;19;23;
2637;Wed. Jul 11, 2012;12;21;39;40;43;26;
2636;Sat. Jul 07, 2012;7;27;41;42;46;1;
2635;Wed. Jul 04, 2012;1;8;22;33;37;7;
2634;Sat. Jun 30, 2012;4;22;23;32;39;23;
2633;Wed. Jun 27, 2012;4;19;38;42;44;19;
2632;Sat. Jun 23, 2012;2;3;10;22;25;7;
2631;Wed. Jun 20, 2012;4;7;9;16;25;17;
2630;Sat. Jun 16, 2012;5;36;37;42;43;24;
2629;Wed. Jun 13, 2012;1;4;11;13;44;16;
2628;Sat. Jun 09, 2012;2;18;22;28;40;10;
2627;Wed. Jun 06, 2012;4;18;21;23;42;26;
2626;Sat. Jun 02, 2012;1;15;20;30;40;13;
2625;Wed. May 30, 2012;7;14;23;26;31;5;
2624;Sat. May 26, 2012;11;17;40;44;45;23;
2623;Wed. May 23, 2012;7;19;26;30;34;13;
2622;Sat. May 19, 2012;4;13;15;26;46;2;
2621;Wed. May 16, 2012;9;15;17;24;35;18;
2620;Sat. May 12, 2012;10;24;26;30;35;6;
2619;Wed. May 09, 2012;2;21;31;43;47;27;
2618;Sat. May 05, 2012;25;28;29;37;42;18;
2617;Wed. May 02, 2012;6;11;18;32;43;26;
2616;Sat. Apr 28, 2012;7;12;20;21;40;11;
2615;Wed. Apr 25, 2012;12;15;19;20;28;21;
2614;Sat. Apr 21, 2012;9;20;30;37;41;5;
2613;Wed. Apr 18, 2012;5;7;8;10;29;16;
2612;Sat. Apr 14, 2012;1;3;19;36;45;8;
2611;Wed. Apr 11, 2012;13;15;17;29;41;10;
2610;Sat. Apr 07, 2012;9;16;25;45;47;5;
2609;Wed. Apr 04, 2012;7;21;26;28;30;10;
2608;Sat. Mar 31, 2012;2;12;15;25;47;13;
2607;Wed. Mar 28, 2012;17;23;34;41;43;11;
2606;Sat. Mar 24, 2012;8;19;24;26;36;25;
2605;Wed. Mar 21, 2012;8;21;31;40;42;2;
2604;Sat. Mar 17, 2012;2;13;20;25;37;15;
2603;Wed. Mar 14, 2012;28;32;33;34;45;21;
2602;Sat. Mar 10, 2012;14;24;28;35;40;19;
2601;Wed. Mar 07, 2012;11;18;21;30;34;6;
2600;Sat. Mar 03, 2012;2;4;6;7;18;8;
2599;Wed. Feb 29, 2012;11;13;17;24;47;10;
2598;Sat. Feb 25, 2012;2;8;12;15;22;12;
2597;Wed. Feb 22, 2012;1;34;37;39;41;10;
2596;Sat. Feb 18, 2012;1;19;32;41;42;11;
2595;Wed. Feb 15, 2012;3;5;16;25;37;16;
2594;Sat. Feb 11, 2012;1;2;18;34;43;27;
2593;Wed. Feb 08, 2012;11;24;26;36;38;13;
2592;Sat. Feb 04, 2012;8;12;25;33;45;5;
2591;Wed. Feb 01, 2012;2;13;19;39;46;26;
2590;Sat. Jan 28, 2012;10;15;33;34;37;8;
2589;Wed. Jan 25, 2012;1;30;33;43;46;9;
2588;Sat. Jan 21, 2012;16;18;23;40;46;4;
2587;Wed. Jan 18, 2012;2;13;25;32;45;23;
2586;Sat. Jan 14, 2012;4;8;25;29;38;13;
2585;Wed. Jan 11, 2012;2;5;11;12;30;24;
2584;Sat. Jan 07, 2012;2;5;16;31;35;14;
2583;Wed. Jan 04, 2012;15;30;34;41;45;20;
2582;Sat. Dec 31, 2011;1;16;27;33;46;25;
2581;Wed. Dec 28, 2011;12;22;28;31;42;2;
2580;Sat. Dec 24, 2011;12;15;37;42;43;8;
2579;Wed. Dec 21, 2011;8;21;38;43;44;24;
2578;Sat. Dec 17, 2011;17;23;29;37;46;17;
2577;Wed. Dec 14, 2011;7;27;33;42;44;24;
2576;Sat. Dec 10, 2011;7;15;31;32;47;24;
2575;Wed. Dec 07, 2011;1;2;34;37;42;9;
2574;Sat. Dec 03, 2011;1;12;19;29;34;12;
2573;Wed. Nov 30, 2011;4;6;22;32;45;8;
2572;Sat. Nov 26, 2011;15;16;28;33;38;23;
2571;Wed. Nov 23, 2011;6;13;30;31;45;2;
2570;Sat. Nov 19, 2011;4;18;21;33;39;7;
2569;Wed. Nov 16, 2011;22;23;26;38;42;3;
2568;Sat. Nov 12, 2011;21;22;25;28;43;12;
2567;Wed. Nov 09, 2011;2;17;33;35;41;9;
2566;Sat. Nov 05, 2011;3;8;10;16;22;11;
2565;Wed. Nov 02, 2011;2;7;22;27;32;12;
2564;Sat. Oct 29, 2011;5;7;39;46;47;6;
2563;Wed. Oct 26, 2011;15;20;25;40;41;20;
2562;Sat. Oct 22, 2011;21;27;34;39;45;22;
2561;Wed. Oct 19, 2011;13;29;33;37;40;9;
2560;Sat. Oct 15, 2011;2;18;25;32;46;15;
2559;Wed. Oct 12, 2011;2;28;35;44;47;21;
2558;Sat. Oct 08, 2011;27;32;35;45;46;21;
2557;Wed. Oct 05, 2011;15;25;29;30;37;26;
2556;Sat. Oct 01, 2011;3;5;13;15;21;9;
2555;Wed. Sep 28, 2011;6;13;24;29;44;3;
2554;Sat. Sep 24, 2011;2;8;14;29;43;24;
2553;Wed. Sep 21, 2011;4;26;31;35;45;4;
2552;Sat. Sep 17, 2011;7;12;14;16;37;14;
2551;Wed. Sep 14, 2011;9;15;18;32;36;27;
2550;Sat. Sep 10, 2011;7;11;15;20;34;2;
2549;Wed. Sep 07, 2011;7;15;34;41;42;8;
2548;Sat. Sep 03, 2011;13;30;39;42;47;5;
2547;Wed. Aug 31, 2011;2;22;27;31;32;11;
2546;Sat. Aug 27, 2011;6;7;17;21;25;8;
2545;Wed. Aug 24, 2011;12;24;32;34;35;23;
2544;Sat. Aug 20, 2011;6;16;31;42;45;6;
2543;Wed. Aug 17, 2011;14;17;20;34;44;18;
2542;Sat. Aug 13, 2011;7;9;17;28;42;7;
2541;Wed. Aug 10, 2011;2;16;19;31;40;10;
2540;Sat. Aug 06, 2011;12;20;30;38;40;7;
2539;Wed. Aug 03, 2011;1;19;21;25;46;23;
2538;Sat. Jul 30, 2011;10;14;29;38;47;8;
2537;Wed. Jul 27, 2011;4;6;15;16;42;16;
2536;Sat. Jul 23, 2011;1;6;13;45;47;16;
2535;Wed. Jul 20, 2011;13;18;19;23;25;20;
2534;Sat. Jul 16, 2011;9;10;28;29;33;26;
2533;Wed. Jul 13, 2011;3;13;21;25;36;1;
2532;Sat. Jul 09, 2011;4;5;21;23;27;23;
2531;Wed. Jul 06, 2011;5;7;11;18;33;25;
2530;Sat. Jul 02, 2011;4;6;15;35;41;19;
2529;Wed. Jun 29, 2011;2;5;15;28;43;11;
2528;Sat. Jun 25, 2011;9;16;27;34;45;21;
2527;Wed. Jun 22, 2011;1;16;24;27;28;19;
2526;Sat. Jun 18, 2011;4;20;36;45;47;20;
2525;Wed. Jun 15, 2011;6;19;20;21;27;23;
2524;Sat. Jun 11, 2011;1;24;27;34;36;17;
2523;Wed. Jun 08, 2011;1;3;14;24;41;11;
2522;Sat. Jun 04, 2011;20;28;33;41;43;24;
2521;Wed. Jun 01, 2011;1;10;15;24;45;24;
2520;Sat. May 28, 2011;6;7;16;32;35;20;
2519;Wed. May 25, 2011;2;9;36;43;46;3;
2518;Sat. May 21, 2011;3;11;16;26;38;6;
2517;Wed. May 18, 2011;6;15;30;34;39;6;
2516;Sat. May 14, 2011;2;11;17;31;47;12;
2515;Wed. May 11, 2011;4;27;31;34;39;8;
2514;Sat. May 07, 2011;4;15;25;26;46;20;
2513;Wed. May 04, 2011;6;8;15;19;45;25;
2512;Sat. Apr 30, 2011;4;18;24;33;35;15;
2511;Wed. Apr 27, 2011;4;12;22;33;39;7;
2510;Sat. Apr 23, 2011;13;16;26;33;41;22;
2509;Wed. Apr 20, 2011;6;13;24;27;31;8;
2508;Sat. Apr 16, 2011;7;21;25;26;35;3;
2507;Wed. Apr 13, 2011;13;22;27;29;42;25;
2506;Sat. Apr 09, 2011;15;25;30;42;46;21;
2505;Wed. Apr 06, 2011;6;16;17;26;44;5;
2504;Sat. Apr 02, 2011;5;10;30;35;43;1;
2503;Wed. Mar 30, 2011;18;20;22;26;41;19;
2502;Sat. Mar 26, 2011;11;18;19;29;40;18;
2501;Wed. Mar 23, 2011;9;18;31;33;42;8;
2500;Sat. Mar 19, 2011;1;27;28;32;45;1;
2499;Wed. Mar 16, 2011;13;22;25;33;35;16;
2498;Sat. Mar 12, 2011;11;25;26;33;45;13;
2497;Wed. Mar 09, 2011;23;34;42;43;47;21;
2496;Sat. Mar 05, 2011;15;21;22;33;45;15;
2495;Wed. Mar 02, 2011;12;33;34;36;45;8;
2494;Sat. Feb 26, 2011;9;21;23;41;47;8;
2493;Wed. Feb 23, 2011;9;13;15;22;35;19;
2492;Sat. Feb 19, 2011;6;7;12;19;30;10;
2491;Wed. Feb 16, 2011;2;8;16;21;23;19;
2490;Sat. Feb 12, 2011;11;30;31;33;42;8;
2489;Wed. Feb 09, 2011;6;7;8;17;41;7;
2488;Sat. Feb 05, 2011;7;9;12;34;44;2;
2487;Wed. Feb 02, 2011;4;20;21;24;47;6;
2486;Sat. Jan 29, 2011;20;25;41;43;45;3;
2485;Wed. Jan 26, 2011;11;18;21;27;47;13;
2484;Sat. Jan 22, 2011;2;19;24;35;45;12;
2483;Wed. Jan 19, 2011;6;7;16;27;39;3;
2482;Sat. Jan 15, 2011;15;28;29;41;45;17;
2481;Wed. Jan 12, 2011;11;21;26;27;44;21;
2480;Sat. Jan 08, 2011;8;10;13;19;38;22;
2479;Wed. Jan 05, 2011;12;26;31;38;41;23;
2478;Sat. Jan 01, 2011;5;9;19;32;34;14;
2477;Wed. Dec 29, 2010;7;33;37;43;46;10;
2476;Sat. Dec 25, 2010;1;20;25;41;42;25;
2475;Wed. Dec 22, 2010;3;18;21;22;42;15;
2474;Sat. Dec 18, 2010;10;11;12;25;33;21;
2473;Wed. Dec 15, 2010;6;8;14;23;26;4;
2472;Sat. Dec 11, 2010;3;4;22;32;44;8;
2471;Wed. Dec 08, 2010;3;9;12;20;38;17;
2470;Sat. Dec 04, 2010;8;28;32;37;44;24;
2469;Wed. Dec 01, 2010;19;23;24;33;35;23;
2468;Sat. Nov 27, 2010;7;17;18;24;37;5;
2467;Wed. Nov 24, 2010;15;22;41;43;44;14;
2466;Sat. Nov 20, 2010;11;30;35;46;47;15;
2465;Wed. Nov 17, 2010;6;12;36;41;46;22;
2464;Sat. Nov 13, 2010;4;10;30;31;41;21;
2463;Wed. Nov 10, 2010;10;27;38;39;46;10;
2462;Sat. Nov 06, 2010;10;15;27;44;45;15;
2461;Wed. Nov 03, 2010;6;9;18;23;37;27;
2460;Sat. Oct 30, 2010;9;25;30;31;46;7;
2459;Wed. Oct 27, 2010;3;8;13;15;36;22;
2458;Sat. Oct 23, 2010;3;13;15;16;25;11;
2457;Wed. Oct 20, 2010;11;24;27;36;43;9;
2456;Sat. Oct 16, 2010;8;9;19;30;33;1;
2455;Wed. Oct 13, 2010;1;10;23;25;47;9;
2454;Sat. Oct 09, 2010;8;11;17;31;35;7;
2453;Wed. Oct 06, 2010;3;4;7;29;39;21;
2452;Sat. Oct 02, 2010;20;24;25;32;34;11;
2451;Wed. Sep 29, 2010;27;33;35;45;46;26;
2450;Sat. Sep 25, 2010;2;13;36;41;44;20;
2449;Wed. Sep 22, 2010;11;17;27;34;44;1;
2448;Sat. Sep 18, 2010;10;11;27;42;45;9;
2447;Wed. Sep 15, 2010;4;6;22;26;43;14;
2446;Sat. Sep 11, 2010;2;10;31;35;45;24;
2445;Wed. Sep 08, 2010;1;8;17;32;38;10;
2444;Sat. Sep 04, 2010;12;15;21;30;45;23;
2443;Wed. Sep 01, 2010;5;16;24;32;33;3;
2442;Sat. Aug 28, 2010;11;20;36;39;41;3;
2441;Wed. Aug 25, 2010;6;21;22;30;38;26;
2440;Sat. Aug 21, 2010;13;16;21;23;31;15;
2439;Wed. Aug 18, 2010;18;21;28;43;47;9;
2438;Sat. Aug 14, 2010;8;12;24;36;40;12;
2437;Wed. Aug 11, 2010;13;17;20;23;26;15;
2436;Sat. Aug 07, 2010;8;9;36;38;45;17;
2435;Wed. Aug 04, 2010;5;9;24;27;37;8;
2434;Sat. Jul 31, 2010;6;13;37;43;47;15;
2433;Wed. Jul 28, 2010;19;25;26;27;33;9;
2432;Sat. Jul 24, 2010;9;13;15;18;25;12;
2431;Wed. Jul 21, 2010;1;15;17;43;45;23;
2430;Sat. Jul 17, 2010;12;16;18;20;24;7;
2429;Wed. Jul 14, 2010;9;10;15;27;47;6;
2428;Sat. Jul 10, 2010;13;21;23;26;33;11;
2427;Wed. Jul 07, 2010;2;6;9;10;21;24;
2426;Sat. Jul 03, 2010;9;13;25;29;32;9;
2425;Wed. Jun 30, 2010;2;9;10;39;46;19;
2424;Sat. Jun 26, 2010;5;9;14;26;29;25;
2423;Wed. Jun 23, 2010;13;23;33;34;38;4;
2422;Sat. Jun 19, 2010;10;22;35;40;47;26;
2421;Wed. Jun 16, 2010;17;21;26;37;42;11;
2420;Sat. Jun 12, 2010;3;22;24;32;35;7;
2419;Wed. Jun 09, 2010;4;6;8;36;41;17;
2418;Sat. Jun 05, 2010;4;11;28;34;42;26;
2417;Wed. Jun 02, 2010;7;8;11;15;31;27;
2416;Sat. May 29, 2010;13;17;29;34;38;4;
2415;Wed. May 26, 2010;1;7;14;17;20;27;
2414;Sat. May 22, 2010;9;12;22;30;46;24;
2413;Wed. May 19, 2010;4;8;32;34;43;14;
2412;Sat. May 15, 2010;3;9;12;13;38;26;
2411;Wed. May 12, 2010;4;7;10;25;32;22;
2410;Sat. May 08, 2010;4;18;19;43;47;5;
2409;Wed. May 05, 2010;10;30;31;34;42;2;
2408;Sat. May 01, 2010;3;5;24;25;41;7;
2407;Wed. Apr 28, 2010;1;9;15;16;29;9;
2406;Sat. Apr 24, 2010;6;15;25;27;39;17;
2405;Wed. Apr 21, 2010;19;24;34;35;42;23;
2404;Sat. Apr 17, 2010;7;9;17;31;47;16;
2403;Wed. Apr 14, 2010;16;34;37;44;47;22;
2402;Sat. Apr 10, 2010;22;25;31;40;42;16;
2401;Wed. Apr 07, 2010;9;21;23;30;36;10;
2400;Sat. Apr 03, 2010;1;12;18;22;42;18;
2399;Wed. Mar 31, 2010;17;23;36;38;46;18;
2398;Sat. Mar 27, 2010;11;16;29;41;46;11;
2397;Wed. Mar 24, 2010;13;20;25;29;39;21;
2396;Sat. Mar 20, 2010;14;27;35;36;37;5;
2395;Wed. Mar 17, 2010;11;30;34;40;42;1;
2394;Sat. Mar 13, 2010;9;15;20;24;43;2;
2393;Wed. Mar 10, 2010;5;8;33;38;47;25;
2392;Sat. Mar 06, 2010;19;22;33;41;42;17;
2391;Wed. Mar 03, 2010;1;3;16;38;47;21;
2390;Sat. Feb 27, 2010;5;9;14;39;47;27;
2389;Wed. Feb 24, 2010;1;2;14;44;45;25;
2388;Sat. Feb 20, 2010;19;20;21;24;45;13;
2387;Wed. Feb 17, 2010;11;21;23;29;41;9;
2386;Sat. Feb 13, 2010;1;7;11;39;46;11;
2385;Wed. Feb 10, 2010;19;21;26;30;42;25;
2384;Sat. Feb 06, 2010;19;29;36;37;41;20;
2383;Wed. Feb 03, 2010;13;14;29;39;43;26;
2382;Sat. Jan 30, 2010;4;12;14;44;47;18;
2381;Wed. Jan 27, 2010;2;17;40;44;46;11;
2380;Sat. Jan 23, 2010;6;25;35;39;45;23;
2379;Wed. Jan 20, 2010;7;11;15;31;45;3;
2378;Sat. Jan 16, 2010;26;29;33;42;44;22;
2377;Wed. Jan 13, 2010;10;14;23;34;39;25;
2376;Sat. Jan 09, 2010;7;13;29;36;40;22;
2375;Wed. Jan 06, 2010;2;4;17;45;47;1;
2374;Sat. Jan 02, 2010;4;9;19;24;41;9;
2373;Wed. Dec 30, 2009;10;13;14;21;42;15;
2372;Sat. Dec 26, 2009;8;19;20;21;41;3;
2371;Wed. Dec 23, 2009;8;14;18;28;29;2;
2370;Sat. Dec 19, 2009;19;30;37;40;44;6;
2369;Wed. Dec 16, 2009;13;18;19;31;41;12;
2368;Sat. Dec 12, 2009;3;5;6;30;32;17;
2367;Wed. Dec 09, 2009;5;14;27;30;44;17;
2366;Sat. Dec 05, 2009;5;29;30;42;44;20;
2365;Wed. Dec 02, 2009;16;22;31;33;42;19;
2364;Sat. Nov 28, 2009;12;17;26;33;42;20;
2363;Wed. Nov 25, 2009;1;10;13;14;47;20;
2362;Sat. Nov 21, 2009;28;30;34;35;43;2;
2361;Wed. Nov 18, 2009;6;10;12;24;45;10;
2360;Sat. Nov 14, 2009;15;33;37;38;47;16;
2359;Wed. Nov 11, 2009;4;6;15;24;28;27;
2358;Sat. Nov 07, 2009;6;10;34;39;44;1;
2357;Wed. Nov 04, 2009;1;12;29;38;39;19;
2356;Sat. Oct 31, 2009;6;10;15;18;23;22;
2355;Wed. Oct 28, 2009;19;27;31;33;38;1;
2354;Sat. Oct 24, 2009;1;10;11;26;32;10;
2353;Wed. Oct 21, 2009;22;30;33;43;47;25;
2352;Sat. Oct 17, 2009;3;6;8;36;47;13;
2351;Wed. Oct 14, 2009;12;13;26;30;38;24;
2350;Sat. Oct 10, 2009;2;6;11;16;43;12;
2349;Wed. Oct 07, 2009;1;8;18;26;44;4;
2348;Sat. Oct 03, 2009;13;25;29;45;46;5;
2347;Wed. Sep 30, 2009;4;18;20;23;39;14;
2346;Sat. Sep 26, 2009;7;13;34;39;47;3;
2345;Wed. Sep 23, 2009;1;4;22;41;42;13;
2344;Sat. Sep 19, 2009;6;17;33;44;46;18;
2343;Wed. Sep 16, 2009;5;17;18;22;28;10;
2342;Sat. Sep 12, 2009;5;24;30;41;47;15;
2341;Wed. Sep 09, 2009;2;27;37;41;47;26;
2340;Sat. Sep 05, 2009;2;5;17;25;33;18;
2339;Wed. Sep 02, 2009;9;13;27;41;42;27;
2338;Sat. Aug 29, 2009;6;13;14;36;37;12;
2337;Wed. Aug 26, 2009;6;7;18;36;42;23;
2336;Sat. Aug 22, 2009;5;6;16;26;32;22;
2335;Wed. Aug 19, 2009;20;25;29;35;41;25;
2334;Sat. Aug 15, 2009;7;9;25;29;47;24;
2333;Wed. Aug 12, 2009;5;8;29;36;47;23;
2332;Sat. Aug 08, 2009;23;31;40;44;46;10;
2331;Wed. Aug 05, 2009;22;23;27;28;41;17;
2330;Sat. Aug 01, 2009;6;13;18;26;39;24;
2329;Wed. Jul 29, 2009;8;12;19;25;39;17;
2328;Sat. Jul 25, 2009;4;12;20;36;47;13;
2327;Wed. Jul 22, 2009;26;31;32;43;45;18;
2326;Sat. Jul 18, 2009;10;23;24;34;40;20;
2325;Wed. Jul 15, 2009;1;3;6;25;41;10;
2324;Sat. Jul 11, 2009;12;18;21;24;28;26;
2323;Wed. Jul 08, 2009;3;8;18;22;31;2;
2322;Sat. Jul 04, 2009;1;6;11;17;33;13;
2321;Wed. Jul 01, 2009;10;15;17;37;38;17;
2320;Sat. Jun 27, 2009;7;15;25;27;42;24;
2319;Wed. Jun 24, 2009;3;13;18;23;37;25;
2318;Sat. Jun 20, 2009;16;23;35;40;41;12;
2317;Wed. Jun 17, 2009;16;21;24;30;44;6;
2316;Sat. Jun 13, 2009;6;11;29;31;44;1;
2315;Wed. Jun 10, 2009;9;11;20;30;36;11;
2314;Sat. Jun 06, 2009;12;29;31;37;47;3;
2313;Wed. Jun 03, 2009;3;12;18;36;43;15;
2312;Sat. May 30, 2009;22;23;31;39;47;3;
2311;Wed. May 27, 2009;5;7;8;14;35;26;
2310;Sat. May 23, 2009;7;15;23;38;39;21;
2309;Wed. May 20, 2009;2;6;27;35;36;1;
2308;Sat. May 16, 2009;5;19;27;36;42;27;
2307;Wed. May 13, 2009;11;15;26;32;42;18;
2306;Sat. May 09, 2009;6;7;26;42;43;1;
2305;Wed. May 06, 2009;23;24;26;28;29;11;
2304;Sat. May 02, 2009;1;20;29;34;38;27;
2303;Wed. Apr 29, 2009;2;5;8;21;32;20;
2302;Sat. Apr 25, 2009;6;26;36;40;46;19;
2301;Wed. Apr 22, 2009;5;6;20;36;44;18;
2300;Sat. Apr 18, 2009;13;18;29;35;41;19;
2299;Wed. Apr 15, 2009;7;18;34;35;43;25;
2298;Sat. Apr 11, 2009;2;4;12;34;46;16;
2297;Wed. Apr 08, 2009;12;18;19;21;30;4;
2296;Sat. Apr 04, 2009;8;18;21;41;46;24;
2295;Wed. Apr 01, 2009;4;7;17;31;33;1;
2294;Sat. Mar 28, 2009;12;14;27;29;30;27;
2293;Wed. Mar 25, 2009;3;7;23;31;36;16;
2292;Sat. Mar 21, 2009;7;28;34;38;45;6;
2291;Wed. Mar 18, 2009;26;37;38;44;45;9;
2290;Sat. Mar 14, 2009;22;31;36;43;45;16;
2289;Wed. Mar 11, 2009;8;15;34;38;47;2;
2288;Sat. Mar 07, 2009;17;34;39;40;46;4;
2287;Wed. Mar 04, 2009;5;6;12;24;44;12;
2286;Sat. Feb 28, 2009;8;16;21;28;29;1;
2285;Wed. Feb 25, 2009;1;13;19;23;25;12;
2284;Sat. Feb 21, 2009;25;27;30;32;38;2;
2283;Wed. Feb 18, 2009;1;6;10;23;40;18;
2282;Sat. Feb 14, 2009;15;26;29;40;42;25;
2281;Wed. Feb 11, 2009;4;11;15;23;34;26;
2280;Sat. Feb 07, 2009;14;23;24;25;44;18;
2279;Wed. Feb 04, 2009;4;23;33;35;45;14;
2278;Sat. Jan 31, 2009;4;34;35;38;43;17;
2277;Wed. Jan 28, 2009;8;13;21;26;41;20;
2276;Sat. Jan 24, 2009;5;22;25;29;35;7;
2275;Wed. Jan 21, 2009;6;15;21;29;37;10;
2274;Sat. Jan 17, 2009;8;17;20;26;38;19;
2273;Wed. Jan 14, 2009;1;19;39;44;45;8;
2272;Sat. Jan 10, 2009;25;29;30;31;38;25;
2271;Wed. Jan 07, 2009;17;30;35;40;41;2;
2270;Sat. Jan 03, 2009;5;14;37;44;47;25;
2269;Wed. Dec 31, 2008;3;13;29;40;42;9;
2268;Sat. Dec 27, 2008;14;19;22;32;38;1;
2267;Wed. Dec 24, 2008;7;10;23;26;40;26;
2266;Sat. Dec 20, 2008;10;15;16;46;47;22;
2265;Wed. Dec 17, 2008;20;34;41;42;46;26;
2264;Sat. Dec 13, 2008;20;22;25;32;45;12;
2263;Wed. Dec 10, 2008;30;33;38;46;47;11;
2262;Sat. Dec 06, 2008;15;26;29;37;45;22;
2261;Wed. Dec 03, 2008;14;15;19;25;34;8;
2260;Sat. Nov 29, 2008;4;6;21;32;36;3;
2259;Wed. Nov 26, 2008;6;7;37;41;47;13;
2258;Sat. Nov 22, 2008;1;12;17;20;21;25;
2257;Wed. Nov 19, 2008;13;17;18;20;46;6;
2256;Sat. Nov 15, 2008;8;18;27;29;39;23;
2255;Wed. Nov 12, 2008;2;22;37;42;45;19;
2254;Sat. Nov 08, 2008;7;16;35;40;47;24;
2253;Wed. Nov 05, 2008;10;26;31;32;40;23;
2252;Sat. Nov 01, 2008;3;11;28;30;38;12;
2251;Wed. Oct 29, 2008;3;20;28;29;41;14;
2250;Sat. Oct 25, 2008;3;24;25;43;45;20;
2249;Wed. Oct 22, 2008;13;15;26;27;36;10;
2248;Sat. Oct 18, 2008;9;11;27;36;39;10;
2247;Wed. Oct 15, 2008;7;10;23;24;40;26;
2246;Sat. Oct 11, 2008;25;30;33;37;38;1;
2245;Wed. Oct 08, 2008;6;13;17;18;25;9;
2244;Sat. Oct 04, 2008;8;15;25;33;42;23;
2243;Wed. Oct 01, 2008;5;13;15;20;36;24;
2242;Sat. Sep 27, 2008;4;7;21;31;32;26;
2241;Wed. Sep 24, 2008;1;6;20;40;41;18;
2240;Sat. Sep 20, 2008;12;23;33;37;44;5;
2239;Wed. Sep 17, 2008;19;26;27;40;47;21;
2238;Sat. Sep 13, 2008;6;13;19;21;41;16;
2237;Wed. Sep 10, 2008;7;25;27;32;36;12;
2236;Sat. Sep 06, 2008;6;7;34;35;47;23;
2235;Wed. Sep 03, 2008;5;7;11;20;22;11;
2234;Sat. Aug 30, 2008;2;4;13;20;41;22;
2233;Wed. Aug 27, 2008;10;18;20;36;42;25;
2232;Sat. Aug 23, 2008;13;22;29;43;47;4;
2231;Wed. Aug 20, 2008;3;8;10;30;37;13;
2230;Sat. Aug 16, 2008;6;16;25;26;36;19;
2229;Wed. Aug 13, 2008;8;12;23;32;39;25;
2228;Sat. Aug 09, 2008;9;11;14;24;39;17;
2227;Wed. Aug 06, 2008;6;11;17;38;41;25;
2226;Sat. Aug 02, 2008;1;3;6;12;47;22;
2225;Wed. Jul 30, 2008;3;11;12;25;29;21;
2224;Sat. Jul 26, 2008;7;9;14;28;41;11;
2223;Wed. Jul 23, 2008;2;6;9;33;36;20;
2222;Sat. Jul 19, 2008;10;29;33;40;41;19;
2221;Wed. Jul 16, 2008;10;12;19;22;35;16;
2220;Sat. Jul 12, 2008;19;20;28;32;47;22;
2219;Wed. Jul 09, 2008;2;13;41;44;46;26;
2218;Sat. Jul 05, 2008;7;22;27;28;32;20;
2217;Wed. Jul 02, 2008;20;21;33;40;44;2;
2216;Sat. Jun 28, 2008;10;14;17;29;41;26;
2215;Wed. Jun 25, 2008;5;17;30;41;44;14;
2214;Sat. Jun 21, 2008;10;29;30;33;41;18;
2213;Wed. Jun 18, 2008;11;20;27;30;44;13;
2212;Sat. Jun 14, 2008;7;9;26;28;37;18;
2211;Wed. Jun 11, 2008;14;30;31;39;42;15;
2210;Sat. Jun 07, 2008;4;23;29;33;44;5;
2209;Wed. Jun 04, 2008;7;22;25;33;44;3;
2208;Sat. May 31, 2008;6;8;11;25;29;4;
2207;Wed. May 28, 2008;3;4;10;28;39;26;
2206;Sat. May 24, 2008;2;4;19;31;42;12;
2205;Wed. May 21, 2008;1;13;20;30;44;20;
2204;Sat. May 17, 2008;13;24;35;41;46;5;
2203;Wed. May 14, 2008;7;19;29;37;43;22;
2202;Sat. May 10, 2008;11;20;24;25;33;23;
2201;Wed. May 07, 2008;17;26;35;42;45;4;
2200;Sat. May 03, 2008;8;10;22;33;44;10;
2199;Wed. Apr 30, 2008;13;14;34;35;40;16;
2198;Sat. Apr 26, 2008;4;12;17;20;31;20;
2197;Wed. Apr 23, 2008;6;21;22;34;38;14;
2196;Sat. Apr 19, 2008;3;5;6;19;25;20;
2195;Wed. Apr 16, 2008;5;13;14;27;37;9;
2194;Sat. Apr 12, 2008;15;19;20;34;40;17;
2193;Wed. Apr 09, 2008;5;17;23;42;43;19;
2192;Sat. Apr 05, 2008;2;6;7;24;31;3;
2191;Wed. Apr 02, 2008;5;7;21;29;43;22;
2190;Sat. Mar 29, 2008;1;11;18;19;34;13;
2189;Wed. Mar 26, 2008;8;9;10;28;35;9;
2188;Sat. Mar 22, 2008;4;5;16;43;47;20;
2187;Wed. Mar 19, 2008;14;15;23;31;40;7;
2186;Sat. Mar 15, 2008;4;11;22;29;31;12;
2185;Wed. Mar 12, 2008;10;16;19;21;39;15;
2184;Sat. Mar 08, 2008;14;17;18;19;41;26;
2183;Wed. Mar 05, 2008;4;10;20;34;47;19;
2182;Sat. Mar 01, 2008;17;22;35;36;47;25;
2181;Wed. Feb 27, 2008;15;22;23;40;42;15;
2180;Sat. Feb 23, 2008;2;25;33;35;41;10;
2179;Wed. Feb 20, 2008;2;6;17;41;45;1;
2178;Sat. Feb 16, 2008;22;25;33;41;45;9;
2177;Wed. Feb 13, 2008;2;19;23;45;46;16;
2176;Sat. Feb 09, 2008;23;30;34;39;41;1;
2175;Wed. Feb 06, 2008;2;20;30;31;46;27;
2174;Sat. Feb 02, 2008;10;11;16;35;43;9;
2173;Wed. Jan 30, 2008;10;18;28;40;47;22;
2172;Sat. Jan 26, 2008;2;23;29;32;42;20;
2171;Wed. Jan 23, 2008;21;25;28;34;42;10;
2170;Sat. Jan 19, 2008;7;18;22;30;43;5;
2169;Wed. Jan 16, 2008;9;15;34;39;40;10;
2168;Sat. Jan 12, 2008;1;10;23;41;43;8;
2167;Wed. Jan 09, 2008;14;36;37;41;45;26;
2166;Sat. Jan 05, 2008;3;15;18;40;41;4;
2165;Wed. Jan 02, 2008;5;14;22;24;30;25;
2164;Sat. Dec 29, 2007;12;26;27;28;29;24;
2163;Wed. Dec 26, 2007;2;6;16;33;35;5;
2162;Sat. Dec 22, 2007;14;27;30;44;46;3;
2161;Wed. Dec 19, 2007;2;3;7;14;38;20;
2160;Sat. Dec 15, 2007;16;21;26;39;42;14;
2159;Wed. Dec 12, 2007;17;18;26;31;38;19;
2158;Sat. Dec 08, 2007;5;10;13;33;34;22;
2157;Wed. Dec 05, 2007;2;9;16;25;36;11;
2156;Sat. Dec 01, 2007;6;15;18;24;35;21;
2155;Wed. Nov 28, 2007;14;23;33;38;40;27;
2154;Sat. Nov 24, 2007;8;12;21;31;39;25;
2153;Wed. Nov 21, 2007;3;30;36;38;43;26;
2152;Sat. Nov 17, 2007;7;20;26;31;47;10;
2151;Wed. Nov 14, 2007;1;14;21;35;36;7;
2150;Sat. Nov 10, 2007;14;31;39;45;47;27;
2149;Wed. Nov 07, 2007;15;33;38;44;45;4;
2148;Sat. Nov 03, 2007;12;13;14;16;31;15;
2147;Wed. Oct 31, 2007;5;9;10;20;25;5;
2146;Sat. Oct 27, 2007;8;9;13;22;24;26;
2145;Wed. Oct 24, 2007;8;11;18;37;46;15;
2144;Sat. Oct 20, 2007;7;16;18;20;35;19;
2143;Wed. Oct 17, 2007;2;4;29;32;47;26;
2142;Sat. Oct 13, 2007;9;17;18;25;34;22;
2141;Wed. Oct 10, 2007;3;5;11;26;43;5;
2140;Sat. Oct 06, 2007;19;27;31;44;47;22;
2139;Wed. Oct 03, 2007;7;13;27;31;41;19;
2138;Sat. Sep 29, 2007;15;21;30;37;39;20;
2137;Wed. Sep 26, 2007;4;14;16;40;42;23;
2136;Sat. Sep 22, 2007;8;11;13;15;19;27;
2135;Wed. Sep 19, 2007;9;12;21;33;42;17;
2134;Sat. Sep 15, 2007;2;10;20;26;46;16;
2133;Wed. Sep 12, 2007;7;23;24;30;45;5;
2132;Sat. Sep 08, 2007;21;30;34;37;39;5;
2131;Wed. Sep 05, 2007;6;13;15;34;41;20;
2130;Sat. Sep 01, 2007;5;14;22;39;47;10;
2129;Wed. Aug 29, 2007;17;18;19;31;33;16;
2128;Sat. Aug 25, 2007;21;27;29;38;40;11;
2127;Wed. Aug 22, 2007;15;18;24;25;45;12;
2126;Sat. Aug 18, 2007;24;34;37;39;40;12;
2125;Wed. Aug 15, 2007;1;18;24;25;37;4;
2124;Sat. Aug 11, 2007;2;8;16;23;42;7;
2123;Wed. Aug 08, 2007;6;10;11;15;21;27;
2122;Sat. Aug 04, 2007;2;33;36;39;46;7;
2121;Wed. Aug 01, 2007;19;20;28;32;47;27;
2120;Sat. Jul 28, 2007;4;9;11;15;25;18;
2119;Wed. Jul 25, 2007;12;19;27;43;44;20;
2118;Sat. Jul 21, 2007;3;19;23;36;39;8;
2117;Wed. Jul 18, 2007;1;16;24;41;42;12;
2116;Sat. Jul 14, 2007;3;5;18;33;35;1;
2115;Wed. Jul 11, 2007;22;23;28;32;39;14;
2114;Sat. Jul 07, 2007;6;34;35;36;39;13;
2113;Wed. Jul 04, 2007;15;22;25;32;35;22;
2112;Sat. Jun 30, 2007;1;2;15;30;37;1;
2111;Wed. Jun 27, 2007;2;21;31;38;44;4;
2110;Sat. Jun 23, 2007;2;28;29;31;35;18;
2109;Wed. Jun 20, 2007;10;15;23;24;29;19;
2108;Sat. Jun 16, 2007;4;24;35;36;38;26;
2107;Wed. Jun 13, 2007;1;11;15;17;33;3;
2106;Sat. Jun 09, 2007;17;23;28;33;45;20;
2105;Wed. Jun 06, 2007;8;16;17;27;31;6;
2104;Sat. Jun 02, 2007;11;17;18;27;43;18;
2103;Wed. May 30, 2007;4;21;26;35;37;24;
2102;Sat. May 26, 2007;1;3;17;25;44;17;
2101;Wed. May 23, 2007;4;15;20;32;40;2;
2100;Sat. May 19, 2007;2;17;25;39;43;8;
2099;Wed. May 16, 2007;5;8;24;33;44;5;
2098;Sat. May 12, 2007;7;9;24;38;42;16;
2097;Wed. May 09, 2007;16;17;24;25;46;10;
2096;Sat. May 05, 2007;1;16;18;34;38;17;
2095;Wed. May 02, 2007;3;5;12;20;24;6;
2094;Sat. Apr 28, 2007;6;14;16;24;41;10;
2093;Wed. Apr 25, 2007;13;14;26;36;40;2;
2092;Sat. Apr 21, 2007;2;12;20;36;46;15;
2091;Wed. Apr 18, 2007;2;5;14;34;36;9;
2090;Sat. Apr 14, 2007;4;27;29;34;38;16;
2089;Wed. Apr 11, 2007;5;13;19;27;33;19;
2088;Sat. Apr 07, 2007;6;15;25;39;47;17;
2087;Wed. Apr 04, 2007;17;18;22;26;35;10;
2086;Sat. Mar 31, 2007;3;7;18;33;40;2;
2085;Wed. Mar 28, 2007;8;11;26;36;41;25;
2084;Sat. Mar 24, 2007;9;16;29;43;46;14;
2083;Wed. Mar 21, 2007;10;15;23;30;38;3;
2082;Sat. Mar 17, 2007;6;17;27;36;41;3;
2081;Wed. Mar 14, 2007;4;15;17;20;35;23;
2080;Sat. Mar 10, 2007;3;6;8;17;32;2;
2079;Wed. Mar 07, 2007;5;25;26;39;41;25;
2078;Sat. Mar 03, 2007;1;15;21;28;34;14;
2077;Wed. Feb 28, 2007;3;9;13;26;42;2;
2076;Sat. Feb 24, 2007;13;19;24;28;37;26;
2075;Wed. Feb 21, 2007;31;32;36;39;46;18;
2074;Sat. Feb 17, 2007;1;21;39;45;46;9;
2073;Wed. Feb 14, 2007;12;15;37;39;47;5;
2072;Sat. Feb 10, 2007;24;26;30;32;45;26;
2071;Wed. Feb 07, 2007;18;20;31;32;33;4;
2070;Sat. Feb 03, 2007;7;21;32;37;46;25;
2069;Wed. Jan 31, 2007;7;14;17;18;32;21;
2068;Sat. Jan 27, 2007;11;13;18;21;36;16;
2067;Wed. Jan 24, 2007;3;10;33;36;43;10;
2066;Sat. Jan 20, 2007;18;19;34;38;42;17;
2065;Wed. Jan 17, 2007;22;24;31;33;40;22;
2064;Sat. Jan 13, 2007;7;16;18;29;46;19;
2063;Wed. Jan 10, 2007;6;10;20;42;45;21;
2062;Sat. Jan 06, 2007;8;27;28;33;40;15;
2061;Wed. Jan 03, 2007;8;15;31;42;46;6;
2060;Sat. Dec 30, 2006;4;13;26;27;47;21;
2059;Wed. Dec 27, 2006;1;21;30;39;40;4;
2058;Sat. Dec 23, 2006;6;17;18;30;46;2;
2057;Wed. Dec 20, 2006;6;12;21;26;36;10;
2056;Sat. Dec 16, 2006;10;14;40;42;47;21;
2055;Wed. Dec 13, 2006;7;12;20;25;33;7;
2054;Sat. Dec 09, 2006;4;6;7;17;23;16;
2053;Wed. Dec 06, 2006;1;4;17;36;42;24;
2052;Sat. Dec 02, 2006;2;17;19;30;39;12;
2051;Wed. Nov 29, 2006;11;12;21;30;40;10;
2050;Sat. Nov 25, 2006;6;9;18;20;37;10;
2049;Wed. Nov 22, 2006;2;14;30;40;44;10;
2048;Sat. Nov 18, 2006;10;25;26;35;45;23;
2047;Wed. Nov 15, 2006;18;20;32;34;40;7;
2046;Sat. Nov 11, 2006;12;20;25;35;43;17;
2045;Wed. Nov 08, 2006;10;13;21;30;46;6;
2044;Sat. Nov 04, 2006;13;26;29;31;33;9;
2043;Wed. Nov 01, 2006;9;10;19;25;43;12;
2042;Sat. Oct 28, 2006;7;14;27;35;40;15;
2041;Wed. Oct 25, 2006;6;11;30;39;46;16;
2040;Sat. Oct 21, 2006;6;10;11;27;28;4;
2039;Wed. Oct 18, 2006;7;15;23;27;44;19;
2038;Sat. Oct 14, 2006;5;12;13;35;47;14;
2037;Wed. Oct 11, 2006;1;4;20;29;30;17;
2036;Sat. Oct 07, 2006;5;15;21;29;44;4;
2035;Wed. Oct 04, 2006;12;15;32;43;45;11;
2034;Sat. Sep 30, 2006;15;20;22;27;47;18;
2033;Wed. Sep 27, 2006;10;16;21;28;29;3;
2032;Sat. Sep 23, 2006;10;14;39;42;46;1;
2031;Wed. Sep 20, 2006;3;22;24;32;39;22;
2030;Sat. Sep 16, 2006;17;24;30;31;36;12;
2029;Wed. Sep 13, 2006;9;10;23;26;37;27;
2028;Sat. Sep 09, 2006;7;10;11;12;25;15;
2027;Wed. Sep 06, 2006;24;41;43;44;46;22;
2026;Sat. Sep 02, 2006;11;15;22;42;46;6;
2025;Wed. Aug 30, 2006;15;19;27;31;34;2;
2024;Sat. Aug 26, 2006;5;10;24;26;38;23;
2023;Wed. Aug 23, 2006;11;14;23;28;43;18;
2022;Sat. Aug 19, 2006;7;23;25;34;41;27;
2021;Wed. Aug 16, 2006;6;10;26;32;37;3;
2020;Sat. Aug 12, 2006;10;12;34;37;47;8;
2019;Wed. Aug 09, 2006;7;10;13;19;35;12;
2018;Sat. Aug 05, 2006;6;19;23;35;40;20;
2017;Wed. Aug 02, 2006;1;2;8;16;32;10;
2016;Sat. Jul 29, 2006;1;16;28;32;45;3;
2015;Wed. Jul 26, 2006;2;10;13;18;20;21;
2014;Sat. Jul 22, 2006;13;18;21;46;47;23;
2013;Wed. Jul 19, 2006;9;15;22;36;44;13;
2012;Sat. Jul 15, 2006;15;27;33;34;44;20;
2011;Wed. Jul 12, 2006;9;16;20;32;45;8;
2010;Sat. Jul 08, 2006;21;31;37;41;47;11;
2009;Wed. Jul 05, 2006;2;9;12;20;34;16;
2008;Sat. Jul 01, 2006;1;17;19;32;43;25;
2007;Wed. Jun 28, 2006;4;10;15;17;29;22;
2006;Sat. Jun 24, 2006;4;20;36;41;44;13;
2005;Wed. Jun 21, 2006;15;22;26;27;37;23;
2004;Sat. Jun 17, 2006;6;9;10;22;25;4;
2003;Wed. Jun 14, 2006;9;12;36;38;41;5;
2002;Sat. Jun 10, 2006;7;19;20;31;42;13;
2001;Wed. Jun 07, 2006;1;11;14;30;31;12;
2000;Sat. Jun 03, 2006;7;10;17;19;29;20;
1999;Wed. May 31, 2006;9;15;23;39;44;2;
1998;Sat. May 27, 2006;9;14;20;24;30;26;
1997;Wed. May 24, 2006;7;15;22;41;45;11;
1996;Sat. May 20, 2006;15;23;28;38;40;18;
1995;Wed. May 17, 2006;7;26;27;35;38;14;
1994;Sat. May 13, 2006;3;8;28;40;42;11;
1993;Wed. May 10, 2006;5;6;42;44;45;15;
1992;Sat. May 06, 2006;6;20;27;37;43;22;
1991;Wed. May 03, 2006;2;9;11;27;28;27;
1990;Sat. Apr 29, 2006;7;12;21;43;46;16;
1989;Wed. Apr 26, 2006;13;24;31;33;39;27;
1988;Sat. Apr 22, 2006;1;13;15;18;31;15;
1987;Wed. Apr 19, 2006;12;19;23;34;47;19;
1986;Sat. Apr 15, 2006;5;13;15;20;45;8;
1985;Wed. Apr 12, 2006;7;31;32;36;41;18;
1984;Sat. Apr 08, 2006;24;29;31;34;46;26;
1983;Wed. Apr 05, 2006;11;27;34;39;43;21;
1982;Sat. Apr 01, 2006;14;19;26;36;40;20;
1981;Wed. Mar 29, 2006;7;21;27;32;41;3;
1980;Sat. Mar 25, 2006;4;21;27;34;38;25;
1979;Wed. Mar 22, 2006;1;2;4;6;35;17;
1978;Sat. Mar 18, 2006;4;20;34;35;44;22;
1977;Wed. Mar 15, 2006;2;10;15;27;41;2;
1976;Sat. Mar 11, 2006;3;11;21;29;46;5;
1975;Wed. Mar 08, 2006;3;16;20;30;34;13;
1974;Sat. Mar 04, 2006;4;8;9;21;29;12;
1973;Wed. Mar 01, 2006;3;16;22;31;42;18;
1972;Sat. Feb 25, 2006;6;21;36;39;46;3;
1971;Wed. Feb 22, 2006;10;16;21;25;34;1;
1970;Sat. Feb 18, 2006;10;13;27;43;46;23;
1969;Wed. Feb 15, 2006;8;10;18;31;36;15;
1968;Sat. Feb 11, 2006;4;12;20;32;36;10;
1967;Wed. Feb 08, 2006;2;3;6;9;35;1;
1966;Sat. Feb 04, 2006;1;3;4;21;25;3;
1965;Wed. Feb 01, 2006;20;24;25;27;44;6;
1964;Sat. Jan 28, 2006;3;9;13;27;33;13;
1963;Wed. Jan 25, 2006;7;14;20;21;47;24;
1962;Sat. Jan 21, 2006;2;17;33;41;43;5;
1961;Wed. Jan 18, 2006;4;7;10;16;17;24;
1960;Sat. Jan 14, 2006;4;23;25;36;46;13;
1959;Wed. Jan 11, 2006;6;24;25;36;43;17;
1958;Sat. Jan 07, 2006;5;17;29;32;39;3;
1957;Wed. Jan 04, 2006;5;15;19;20;35;20;
1956;Sat. Dec 31, 2005;20;28;38;42;43;27;
1955;Wed. Dec 28, 2005;3;4;20;39;40;3;
1954;Sat. Dec 24, 2005;7;22;23;26;40;25;
1953;Wed. Dec 21, 2005;24;30;34;37;43;27;
1952;Sat. Dec 17, 2005;8;10;23;36;47;20;
1951;Wed. Dec 14, 2005;3;15;23;32;39;27;
1950;Sat. Dec 10, 2005;34;38;40;44;46;18;
1949;Wed. Dec 07, 2005;4;5;6;31;44;21;
1948;Sat. Dec 03, 2005;12;19;26;30;45;6;
1947;Wed. Nov 30, 2005;7;16;19;32;36;24;
1946;Sat. Nov 26, 2005;4;17;43;44;47;21;
1945;Wed. Nov 23, 2005;5;7;11;24;38;19;
1944;Sat. Nov 19, 2005;4;5;15;32;42;2;
1943;Wed. Nov 16, 2005;13;15;22;30;38;20;
1942;Sat. Nov 12, 2005;4;10;11;12;32;13;
1941;Wed. Nov 09, 2005;5;7;21;30;34;24;
1940;Sat. Nov 05, 2005;3;14;15;27;41;17;
1939;Wed. Nov 02, 2005;5;13;34;40;46;6;
1938;Sat. Oct 29, 2005;1;11;16;29;39;13;
1937;Wed. Oct 26, 2005;9;10;23;33;34;22;
1936;Sat. Oct 22, 2005;12;18;36;39;45;5;
1935;Wed. Oct 19, 2005;10;12;30;34;39;19;
1934;Sat. Oct 15, 2005;8;30;39;42;46;8;
1933;Wed. Oct 12, 2005;2;25;33;39;44;11;
1932;Sat. Oct 08, 2005;13;27;36;43;44;7;
1931;Wed. Oct 05, 2005;8;13;19;22;40;17;
1930;Sat. Oct 01, 2005;2;19;33;35;40;8;
1929;Wed. Sep 28, 2005;2;17;28;37;45;5;
1928;Sat. Sep 24, 2005;7;13;23;28;33;2;
1927;Wed. Sep 21, 2005;3;30;34;37;41;18;
1926;Sat. Sep 17, 2005;7;10;25;28;31;23;
1925;Wed. Sep 14, 2005;5;13;22;35;40;20;
1924;Sat. Sep 10, 2005;5;11;12;19;39;10;
1923;Wed. Sep 07, 2005;11;24;25;26;41;17;
1922;Sat. Sep 03, 2005;11;15;18;35;46;18;
1921;Wed. Aug 31, 2005;2;8;13;23;27;15;
1920;Sat. Aug 27, 2005;7;18;20;22;42;9;
1919;Wed. Aug 24, 2005;16;21;27;38;40;23;
1918;Sat. Aug 20, 2005;3;8;16;22;35;17;
1917;Wed. Aug 17, 2005;16;19;21;31;42;9;
1916;Sat. Aug 13, 2005;17;25;42;44;45;24;
1915;Wed. Aug 10, 2005;1;13;21;32;41;7;
1914;Sat. Aug 06, 2005;12;29;32;35;43;1;
1913;Wed. Aug 03, 2005;3;12;31;39;47;7;
1912;Sat. Jul 30, 2005;1;3;20;34;45;27;
1911;Wed. Jul 27, 2005;5;8;17;21;35;21;
1910;Sat. Jul 23, 2005;14;15;22;29;36;5;
1909;Wed. Jul 20, 2005;13;24;35;37;40;20;
1908;Sat. Jul 16, 2005;13;17;22;31;40;6;
1907;Wed. Jul 13, 2005;6;8;13;30;32;9;
1906;Sat. Jul 09, 2005;21;23;26;27;35;12;
1905;Wed. Jul 06, 2005;1;5;6;18;35;15;
1904;Sat. Jul 02, 2005;8;9;21;31;33;11;
1903;Wed. Jun 29, 2005;13;23;25;30;44;10;
1902;Sat. Jun 25, 2005;18;25;27;31;33;19;
1901;Wed. Jun 22, 2005;4;6;7;34;39;9;
1900;Sat. Jun 18, 2005;5;25;28;36;42;8;
1899;Wed. Jun 15, 2005;34;40;42;44;45;12;
1898;Sat. Jun 11, 2005;2;7;20;39;42;5;
1897;Wed. Jun 08, 2005;21;24;34;40;45;26;
1896;Sat. Jun 04, 2005;14;15;39;42;45;11;
1895;Wed. Jun 01, 2005;2;8;22;29;47;22;
1894;Sat. May 28, 2005;5;19;35;38;46;13;
1893;Wed. May 25, 2005;4;15;23;26;47;23;
1892;Sat. May 21, 2005;3;8;17;18;22;2;
1891;Wed. May 18, 2005;12;16;25;31;45;20;
1890;Sat. May 14, 2005;15;16;40;42;43;16;
1889;Wed. May 11, 2005;2;5;21;25;38;11;
1888;Sat. May 07, 2005;12;14;19;43;47;19;
1887;Wed. May 04, 2005;7;16;20;44;45;18;
1886;Sat. Apr 30, 2005;11;15;28;36;37;15;
1885;Wed. Apr 27, 2005;4;6;17;29;31;8;
1884;Sat. Apr 23, 2005;10;11;16;22;29;25;
1883;Wed. Apr 20, 2005;7;13;15;28;31;9;
1882;Sat. Apr 16, 2005;2;19;21;23;43;2;
1881;Wed. Apr 13, 2005;34;38;42;43;45;19;
1880;Sat. Apr 09, 2005;12;15;17;19;44;18;
1879;Wed. Apr 06, 2005;21;22;26;29;39;16;
1878;Sat. Apr 02, 2005;8;13;16;19;43;6;
1877;Wed. Mar 30, 2005;1;22;25;36;43;17;
1876;Sat. Mar 26, 2005;3;11;18;41;43;6;
1875;Wed. Mar 23, 2005;9;23;26;31;36;10;
1874;Sat. Mar 19, 2005;10;16;27;41;43;21;
1873;Wed. Mar 16, 2005;1;2;6;38;41;27;
1872;Sat. Mar 12, 2005;6;7;17;38;46;4;
1871;Wed. Mar 09, 2005;1;12;30;38;40;2;
1870;Sat. Mar 05, 2005;19;26;33;38;46;1;
1869;Wed. Mar 02, 2005;8;10;19;21;30;27;
1868;Sat. Feb 26, 2005;7;9;23;30;40;5;
1867;Wed. Feb 23, 2005;4;10;15;23;39;26;
1866;Sat. Feb 19, 2005;2;5;20;22;47;11;
1865;Wed. Feb 16, 2005;7;12;16;26;40;21;
1864;Sat. Feb 12, 2005;21;30;31;37;39;5;
1863;Wed. Feb 09, 2005;5;6;7;17;23;23;
1862;Sat. Feb 05, 2005;11;29;30;34;43;13;
1861;Wed. Feb 02, 2005;2;9;13;20;44;27;
1860;Sat. Jan 29, 2005;10;19;30;41;45;9;
1859;Wed. Jan 26, 2005;2;3;27;28;46;24;
1858;Sat. Jan 22, 2005;5;10;20;36;38;4;
1857;Wed. Jan 19, 2005;2;9;27;30;45;13;
1856;Sat. Jan 15, 2005;3;7;29;30;41;10;
1855;Wed. Jan 12, 2005;3;17;20;28;44;21;
1854;Sat. Jan 08, 2005;12;15;23;32;37;18;
1853;Wed. Jan 05, 2005;9;11;32;41;42;2;
1852;Sat. Jan 01, 2005;25;34;35;41;42;18;
1851;Wed. Dec 29, 2004;1;5;6;17;43;5;
1850;Sat. Dec 25, 2004;6;10;26;30;34;26;
1849;Wed. Dec 22, 2004;18;20;32;34;44;12;
1848;Sat. Dec 18, 2004;19;21;24;35;41;21;
1847;Wed. Dec 15, 2004;1;7;10;28;40;2;
1846;Sat. Dec 11, 2004;1;5;13;18;42;12;
1845;Wed. Dec 08, 2004;1;6;14;33;36;10;
1844;Sat. Dec 04, 2004;1;15;30;39;47;19;
1843;Wed. Dec 01, 2004;4;5;9;20;34;23;
1842;Sat. Nov 27, 2004;2;21;23;36;45;9;
1841;Wed. Nov 24, 2004;1;3;12;28;47;9;
1840;Sat. Nov 20, 2004;2;8;22;39;44;16;
1839;Wed. Nov 17, 2004;16;23;36;44;47;10;
1838;Sat. Nov 13, 2004;5;10;11;14;32;6;
1837;Wed. Nov 10, 2004;4;5;28;34;38;9;
1836;Sat. Nov 06, 2004;18;22;26;38;40;9;
1835;Wed. Nov 03, 2004;2;14;35;37;47;7;
1834;Sat. Oct 30, 2004;1;16;29;35;41;9;
1833;Wed. Oct 27, 2004;10;14;30;38;42;22;
1832;Sat. Oct 23, 2004;15;17;23;33;45;15;
1831;Wed. Oct 20, 2004;1;10;31;45;47;17;
1830;Sat. Oct 16, 2004;1;28;29;40;43;20;
1829;Wed. Oct 13, 2004;8;11;20;22;45;18;
1828;Sat. Oct 09, 2004;9;17;21;35;45;6;
1827;Wed. Oct 06, 2004;9;18;31;42;45;26;
1826;Sat. Oct 02, 2004;7;13;16;37;38;14;
1825;Wed. Sep 29, 2004;20;22;28;42;46;14;
1824;Sat. Sep 25, 2004;16;26;33;35;45;6;
1823;Wed. Sep 22, 2004;16;18;23;34;45;14;
1822;Sat. Sep 18, 2004;11;22;24;31;39;22;
1821;Wed. Sep 15, 2004;7;22;28;30;37;11;
1820;Sat. Sep 11, 2004;8;11;15;29;36;14;
1819;Wed. Sep 08, 2004;7;10;29;35;40;21;
1818;Sat. Sep 04, 2004;6;14;22;25;31;7;
1817;Wed. Sep 01, 2004;5;9;29;36;41;13;
1816;Sat. Aug 28, 2004;17;18;28;33;39;19;
1815;Wed. Aug 25, 2004;2;12;14;30;44;17;
1814;Sat. Aug 21, 2004;11;16;19;20;34;18;
1813;Wed. Aug 18, 2004;4;23;26;28;39;5;
1812;Sat. Aug 14, 2004;9;23;26;28;47;13;
1811;Wed. Aug 11, 2004;2;13;32;34;35;20;
1810;Sat. Aug 07, 2004;8;11;16;22;46;16;
1809;Wed. Aug 04, 2004;1;24;27;35;43;12;
1808;Sat. Jul 31, 2004;3;33;37;42;45;17;
1807;Wed. Jul 28, 2004;5;12;17;34;39;5;
1806;Sat. Jul 24, 2004;9;15;26;30;43;20;
1805;Wed. Jul 21, 2004;12;14;40;41;43;12;
1804;Sat. Jul 17, 2004;7;11;20;30;35;4;
1803;Wed. Jul 14, 2004;7;29;40;44;46;2;
1802;Sat. Jul 10, 2004;2;6;13;25;47;12;
1801;Wed. Jul 07, 2004;13;14;19;21;30;15;
1800;Sat. Jul 03, 2004;1;7;9;24;32;15;
1799;Wed. Jun 30, 2004;5;23;34;45;47;4;
1798;Sat. Jun 26, 2004;6;29;30;41;43;15;
1797;Wed. Jun 23, 2004;8;12;13;14;18;18;
1796;Sat. Jun 19, 2004;15;21;23;27;37;11;
1795;Wed. Jun 16, 2004;21;28;30;33;35;6;
1794;Sat. Jun 12, 2004;4;18;29;31;38;20;
1793;Wed. Jun 09, 2004;2;13;15;21;46;4;
1792;Sat. Jun 05, 2004;3;11;16;42;46;5;
1791;Wed. Jun 02, 2004;3;14;22;35;43;15;
1790;Sat. May 29, 2004;11;21;32;40;47;25;
1789;Wed. May 26, 2004;12;20;33;38;42;6;
1788;Sat. May 22, 2004;5;7;31;36;44;2;
1787;Wed. May 19, 2004;3;7;11;17;43;20;
1786;Sat. May 15, 2004;34;35;38;39;45;26;
1785;Wed. May 12, 2004;3;11;13;16;33;11;
1784;Sat. May 08, 2004;1;5;11;28;38;5;
1783;Wed. May 05, 2004;12;22;25;42;45;4;
1782;Sat. May 01, 2004;3;20;27;34;37;11;
1781;Wed. Apr 28, 2004;1;14;22;34;44;15;
1780;Sat. Apr 24, 2004;6;10;22;36;43;20;
1779;Wed. Apr 21, 2004;9;13;26;31;36;17;
1778;Sat. Apr 17, 2004;13;15;32;33;42;5;
1777;Wed. Apr 14, 2004;1;6;19;45;46;27;
1776;Sat. Apr 10, 2004;13;22;23;29;47;11;
1775;Wed. Apr 07, 2004;23;35;40;45;47;3;
1774;Sat. Apr 03, 2004;12;13;14;17;47;20;
1773;Wed. Mar 31, 2004;10;36;39;44;47;14;
1772;Sat. Mar 27, 2004;6;9;24;40;42;26;
1771;Wed. Mar 24, 2004;17;21;30;36;44;20;
1770;Sat. Mar 20, 2004;8;22;30;33;38;20;
1769;Wed. Mar 17, 2004;1;3;22;36;44;18;
1768;Sat. Mar 13, 2004;11;23;30;35;40;18;
1767;Wed. Mar 10, 2004;4;20;23;29;41;5;
1766;Sat. Mar 06, 2004;3;7;9;29;40;11;
1765;Wed. Mar 03, 2004;2;17;29;44;47;5;
1764;Sat. Feb 28, 2004;13;28;43;44;45;15;
1763;Wed. Feb 25, 2004;18;22;27;28;29;2;
1762;Sat. Feb 21, 2004;9;13;19;20;21;9;
1761;Wed. Feb 18, 2004;16;25;26;29;33;1;
1760;Sat. Feb 14, 2004;21;22;31;36;45;10;
1759;Wed. Feb 11, 2004;10;22;24;28;41;5;
1758;Sat. Feb 07, 2004;7;9;12;24;35;12;
1757;Wed. Feb 04, 2004;3;9;20;26;42;23;
1756;Sat. Jan 31, 2004;33;35;36;45;47;13;
1755;Wed. Jan 28, 2004;11;14;20;26;47;26;
1754;Sat. Jan 24, 2004;3;9;25;33;38;18;
1753;Wed. Jan 21, 2004;6;7;13;15;33;12;
1752;Sat. Jan 17, 2004;1;3;6;16;36;19;
1751;Wed. Jan 14, 2004;1;2;4;34;36;22;
1750;Sat. Jan 10, 2004;3;6;23;28;30;19;
1749;Wed. Jan 07, 2004;9;28;32;40;42;2;
1748;Sat. Jan 03, 2004;5;9;13;16;21;4;
1747;Wed. Dec 31, 2003;10;12;18;23;30;2;
1746;Sat. Dec 27, 2003;12;14;17;34;47;26;
1745;Wed. Dec 24, 2003;9;10;19;30;41;24;
1744;Sat. Dec 20, 2003;6;21;22;35;38;20;
1743;Wed. Dec 17, 2003;4;18;24;33;35;27;
1742;Sat. Dec 13, 2003;6;20;26;36;46;27;
1741;Wed. Dec 10, 2003;17;20;25;37;43;11;
1740;Sat. Dec 06, 2003;1;12;20;38;46;5;
1739;Wed. Dec 03, 2003;3;18;30;32;35;23;
1738;Sat. Nov 29, 2003;17;18;22;39;42;1;
1737;Wed. Nov 26, 2003;1;11;17;19;31;10;
1736;Sat. Nov 22, 2003;5;12;13;25;28;15;
1735;Wed. Nov 19, 2003;4;11;13;16;26;20;
1734;Sat. Nov 15, 2003;1;6;28;29;38;24;
1733;Wed. Nov 12, 2003;7;11;21;25;35;1;
1732;Sat. Nov 08, 2003;5;13;21;35;46;5;
1731;Wed. Nov 05, 2003;2;16;28;33;34;27;
1730;Sat. Nov 01, 2003;15;18;20;29;41;8;
1729;Wed. Oct 29, 2003;14;28;35;39;43;14;
1728;Sat. Oct 25, 2003;7;18;32;43;47;10;
1727;Wed. Oct 22, 2003;6;9;17;29;32;12;
1726;Sat. Oct 18, 2003;2;5;18;25;41;2;
1725;Wed. Oct 15, 2003;8;14;16;24;33;8;
1724;Sat. Oct 11, 2003;1;2;7;28;45;18;
1723;Wed. Oct 08, 2003;3;5;34;35;38;11;
1722;Sat. Oct 04, 2003;9;15;18;37;41;14;
1721;Wed. Oct 01, 2003;5;18;23;24;31;13;
1720;Sat. Sep 27, 2003;4;13;26;31;46;26;
1719;Wed. Sep 24, 2003;10;21;24;32;33;9;
1718;Sat. Sep 20, 2003;7;25;27;40;44;17;
1717;Wed. Sep 17, 2003;4;7;26;38;47;23;
1716;Sat. Sep 13, 2003;1;3;15;35;36;23;
1715;Wed. Sep 10, 2003;7;20;27;34;43;6;
1714;Sat. Sep 06, 2003;16;20;28;31;41;19;
1713;Wed. Sep 03, 2003;1;16;25;27;32;12;
1712;Sat. Aug 30, 2003;3;25;28;46;47;12;
1711;Wed. Aug 27, 2003;6;13;21;40;47;9;
1710;Sat. Aug 23, 2003;8;18;28;41;42;21;
1709;Wed. Aug 20, 2003;6;7;24;31;47;10;
1708;Sat. Aug 16, 2003;3;15;26;27;29;23;
1707;Wed. Aug 13, 2003;2;19;24;31;33;19;
1706;Sat. Aug 09, 2003;12;19;22;31;34;7;
1705;Wed. Aug 06, 2003;20;26;32;34;35;24;
1704;Sat. Aug 02, 2003;6;20;30;35;46;20;
1703;Wed. Jul 30, 2003;6;12;25;26;42;7;
1702;Sat. Jul 26, 2003;7;18;21;22;45;9;
1701;Wed. Jul 23, 2003;19;20;23;26;34;12;
1700;Sat. Jul 19, 2003;8;18;24;38;42;22;
1699;Wed. Jul 16, 2003;31;35;36;42;44;24;
1698;Sat. Jul 12, 2003;18;23;25;37;44;25;
1697;Wed. Jul 09, 2003;2;5;20;23;46;15;
1696;Sat. Jul 05, 2003;14;16;21;30;34;10;
1695;Wed. Jul 02, 2003;4;9;13;38;44;13;
1694;Sat. Jun 28, 2003;1;5;11;13;18;22;
1693;Wed. Jun 25, 2003;9;17;22;25;28;10;
1692;Sat. Jun 21, 2003;8;11;29;40;42;6;
1691;Wed. Jun 18, 2003;33;36;41;42;43;14;
1690;Sat. Jun 14, 2003;19;20;22;41;45;18;
1689;Wed. Jun 11, 2003;4;7;9;19;31;6;
1688;Sat. Jun 07, 2003;2;3;8;23;36;9;
1687;Wed. Jun 04, 2003;2;5;35;43;47;12;
1686;Sat. May 31, 2003;5;21;23;27;38;24;
1685;Wed. May 28, 2003;4;5;34;38;42;23;
1684;Sat. May 24, 2003;6;18;26;28;46;17;
1683;Wed. May 21, 2003;13;14;31;42;43;6;
1682;Sat. May 17, 2003;4;11;12;15;36;10;
1681;Wed. May 14, 2003;2;7;20;42;45;26;
1680;Sat. May 10, 2003;17;20;29;38;40;4;
1679;Wed. May 07, 2003;21;26;28;35;46;13;
1678;Sat. May 03, 2003;17;19;24;35;42;20;
1677;Wed. Apr 30, 2003;9;12;21;26;36;27;
1676;Sat. Apr 26, 2003;1;9;29;31;35;3;
1675;Wed. Apr 23, 2003;21;33;37;44;45;22;
1674;Sat. Apr 19, 2003;16;21;26;32;36;20;
1673;Wed. Apr 16, 2003;12;14;18;31;46;7;
1672;Sat. Apr 12, 2003;1;2;6;27;34;23;
1671;Wed. Apr 09, 2003;8;14;25;27;46;14;
1670;Sat. Apr 05, 2003;4;13;21;35;38;16;
1669;Wed. Apr 02, 2003;2;6;7;8;15;14;
1668;Sat. Mar 29, 2003;2;4;16;31;43;11;
1667;Wed. Mar 26, 2003;10;11;12;19;44;20;
1666;Sat. Mar 22, 2003;3;4;20;33;44;24;
1665;Wed. Mar 19, 2003;9;17;22;30;36;13;
1664;Sat. Mar 15, 2003;11;33;38;42;46;26;
1663;Wed. Mar 12, 2003;4;5;12;18;37;23;
1662;Sat. Mar 08, 2003;13;15;17;29;38;2;
1661;Wed. Mar 05, 2003;3;5;8;24;39;19;
1660;Sat. Mar 01, 2003;8;12;23;25;26;1;
1659;Wed. Feb 26, 2003;13;23;37;38;40;9;
1658;Sat. Feb 22, 2003;15;24;26;32;37;18;
1657;Wed. Feb 19, 2003;1;5;9;29;38;25;
1656;Sat. Feb 15, 2003;14;15;20;35;44;26;
1655;Wed. Feb 12, 2003;12;26;27;38;43;18;
1654;Sat. Feb 08, 2003;6;10;37;38;42;4;
1653;Wed. Feb 05, 2003;5;14;26;30;33;5;
1652;Sat. Feb 01, 2003;23;28;32;41;47;26;
1651;Wed. Jan 29, 2003;4;6;21;36;46;11;
1650;Sat. Jan 25, 2003;2;4;5;20;47;26;
1649;Wed. Jan 22, 2003;7;9;18;23;45;12;
1648;Sat. Jan 18, 2003;8;18;19;24;32;20;
1647;Wed. Jan 15, 2003;8;17;29;35;44;1;
1646;Sat. Jan 11, 2003;6;21;22;40;45;10;
1645;Wed. Jan 08, 2003;14;16;21;38;41;14;
1644;Sat. Jan 04, 2003;9;23;28;41;47;7;
1643;Wed. Jan 01, 2003;13;15;20;32;33;10;
1642;Sat. Dec 28, 2002;7;9;16;24;36;5;
1641;Wed. Dec 25, 2002;11;22;30;41;45;1;
1640;Sat. Dec 21, 2002;21;29;32;33;38;2;
1639;Wed. Dec 18, 2002;9;18;31;39;43;20;
1638;Sat. Dec 14, 2002;9;22;24;30;47;13;
1637;Wed. Dec 11, 2002;3;17;29;32;35;14;
1636;Sat. Dec 07, 2002;8;19;32;39;45;8;
1635;Wed. Dec 04, 2002;8;24;29;36;41;13;
1634;Sat. Nov 30, 2002;9;25;28;39;47;1;
1633;Wed. Nov 27, 2002;5;8;13;20;46;3;
1632;Sat. Nov 23, 2002;6;8;13;27;45;14;
1631;Wed. Nov 20, 2002;7;10;21;41;47;4;
1630;Sat. Nov 16, 2002;1;8;16;29;47;27;
1629;Wed. Nov 13, 2002;2;11;27;36;43;9;
1628;Sat. Nov 09, 2002;2;13;21;22;28;9;
1627;Wed. Nov 06, 2002;2;5;17;22;43;10;
1626;Sat. Nov 02, 2002;6;9;32;43;44;23;
1625;Wed. Oct 30, 2002;3;11;25;35;38;18;
1624;Sat. Oct 26, 2002;9;13;38;42;47;26;
1623;Wed. Oct 23, 2002;17;22;24;25;38;18;
1622;Sat. Oct 19, 2002;7;8;20;22;29;10;
1621;Wed. Oct 16, 2002;8;11;15;25;37;27;
1620;Sat. Oct 12, 2002;2;3;14;18;24;23;
1619;Wed. Oct 09, 2002;5;18;21;33;39;11;
1618;Sat. Oct 05, 2002;4;12;14;28;42;7;
1617;Wed. Oct 02, 2002;4;16;19;27;36;7;
1616;Sat. Sep 28, 2002;6;21;34;35;40;7;
1615;Wed. Sep 25, 2002;13;17;22;24;42;19;
1614;Sat. Sep 21, 2002;8;32;37;38;43;25;
1613;Wed. Sep 18, 2002;10;18;23;27;41;22;
1612;Sat. Sep 14, 2002;16;20;30;43;46;22;
1611;Wed. Sep 11, 2002;3;5;20;29;41;26;
1610;Sat. Sep 07, 2002;9;15;16;36;46;16;
1609;Wed. Sep 04, 2002;13;14;32;34;47;13;
1608;Sat. Aug 31, 2002;5;6;8;18;24;7;
1607;Wed. Aug 28, 2002;12;15;16;24;46;12;
1606;Sat. Aug 24, 2002;6;9;17;27;35;24;
1605;Wed. Aug 21, 2002;6;10;19;38;43;21;
1604;Sat. Aug 17, 2002;1;3;4;11;19;1;
1603;Wed. Aug 14, 2002;6;12;18;24;25;5;
1602;Sat. Aug 10, 2002;10;29;32;41;43;11;
1601;Wed. Aug 07, 2002;5;16;25;34;44;3;
1600;Sat. Aug 03, 2002;11;20;23;35;37;26;
1599;Wed. Jul 31, 2002;2;4;31;32;46;21;
1598;Sat. Jul 27, 2002;3;11;20;42;45;3;
1597;Wed. Jul 24, 2002;2;18;32;44;45;3;
1596;Sat. Jul 20, 2002;15;18;27;31;34;21;
1595;Wed. Jul 17, 2002;16;24;26;30;44;10;
1594;Sat. Jul 13, 2002;3;13;17;27;39;20;
1593;Wed. Jul 10, 2002;5;11;27;28;39;20;
1592;Sat. Jul 06, 2002;8;10;16;21;27;16;
1591;Wed. Jul 03, 2002;7;14;15;26;36;13;
1590;Sat. Jun 29, 2002;4;5;18;23;36;13;
1589;Wed. Jun 26, 2002;4;8;16;26;33;21;
1588;Sat. Jun 22, 2002;7;25;27;40;45;14;
1587;Wed. Jun 19, 2002;8;10;14;17;46;8;
1586;Sat. Jun 15, 2002;2;11;14;33;35;15;
1585;Wed. Jun 12, 2002;2;7;33;35;40;4;
1584;Sat. Jun 08, 2002;26;38;40;41;42;11;
1583;Wed. Jun 05, 2002;4;6;23;44;45;1;
1582;Sat. Jun 01, 2002;7;23;25;33;35;15;
1581;Wed. May 29, 2002;1;4;15;30;34;23;
1580;Sat. May 25, 2002;1;5;9;30;39;11;
1579;Wed. May 22, 2002;7;9;17;35;47;9;
1578;Sat. May 18, 2002;1;2;4;16;34;10;
1577;Wed. May 15, 2002;2;7;21;30;35;22;
1576;Sat. May 11, 2002;4;14;28;40;45;24;
1575;Wed. May 08, 2002;5;21;24;33;45;22;
1574;Sat. May 04, 2002;9;10;25;26;40;8;
1573;Wed. May 01, 2002;39;40;45;46;47;11;
1572;Sat. Apr 27, 2002;5;14;32;40;43;11;
1571;Wed. Apr 24, 2002;1;15;27;28;30;16;
1570;Sat. Apr 20, 2002;3;10;24;29;30;22;
1569;Wed. Apr 17, 2002;4;8;11;13;44;9;
1568;Sat. Apr 13, 2002;8;13;17;19;37;25;
1567;Wed. Apr 10, 2002;9;12;17;24;45;17;
1566;Sat. Apr 06, 2002;17;24;34;38;43;21;
1565;Wed. Apr 03, 2002;5;14;20;25;36;1;
1564;Sat. Mar 30, 2002;18;28;33;39;42;12;
1563;Wed. Mar 27, 2002;8;12;13;30;44;8;
1562;Sat. Mar 23, 2002;5;12;33;41;46;27;
1561;Wed. Mar 20, 2002;11;14;32;33;45;9;
1560;Sat. Mar 16, 2002;2;8;25;42;46;8;
1559;Wed. Mar 13, 2002;1;10;28;30;34;10;
1558;Sat. Mar 09, 2002;22;24;25;26;46;19;
1557;Wed. Mar 06, 2002;2;3;10;27;46;16;
1556;Sat. Mar 02, 2002;13;28;34;43;44;11;
1555;Wed. Feb 27, 2002;13;26;29;37;42;7;
1554;Sat. Feb 23, 2002;6;27;38;39;41;27;
1553;Wed. Feb 20, 2002;11;17;40;46;47;25;
1552;Sat. Feb 16, 2002;6;11;31;32;39;20;
1551;Wed. Feb 13, 2002;1;4;19;28;46;4;
1550;Sat. Feb 09, 2002;8;22;28;37;43;6;
1549;Wed. Feb 06, 2002;3;32;36;42;46;24;
1548;Sat. Feb 02, 2002;13;17;20;41;46;2;
1547;Wed. Jan 30, 2002;1;21;30;33;45;21;
1546;Sat. Jan 26, 2002;1;21;29;35;47;16;
1545;Wed. Jan 23, 2002;1;14;23;24;43;3;
1544;Sat. Jan 19, 2002;1;7;24;44;45;23;
1543;Wed. Jan 16, 2002;16;19;20;28;46;24;
1542;Sat. Jan 12, 2002;20;24;27;28;47;15;
1541;Wed. Jan 09, 2002;7;10;28;29;30;21;
1540;Sat. Jan 05, 2002;23;28;29;38;39;11;
1539;Wed. Jan 02, 2002;3;4;12;17;39;3;
1538;Sat. Dec 29, 2001;10;12;20;28;42;1;
1537;Wed. Dec 26, 2001;3;9;15;26;39;6;
1536;Sat. Dec 22, 2001;3;9;18;26;33;9;
1535;Wed. Dec 19, 2001;10;16;24;32;37;22;
1534;Sat. Dec 15, 2001;4;25;29;36;44;18;
1533;Wed. Dec 12, 2001;3;15;24;30;46;8;
1532;Sat. Dec 08, 2001;3;10;29;30;37;20;
1531;Wed. Dec 05, 2001;19;20;26;34;46;22;
1530;Sat. Dec 01, 2001;10;16;20;43;45;20;
1529;Wed. Nov 28, 2001;2;18;36;43;45;16;
1528;Sat. Nov 24, 2001;23;24;30;36;37;20;
1527;Wed. Nov 21, 2001;14;15;28;39;47;22;
1526;Sat. Nov 17, 2001;4;14;29;31;46;1;
1525;Wed. Nov 14, 2001;4;14;30;38;40;19;
1524;Sat. Nov 10, 2001;14;19;34;37;42;26;
1523;Wed. Nov 07, 2001;9;32;34;43;46;22;
1522;Sat. Nov 03, 2001;24;32;33;36;45;18;
1521;Wed. Oct 31, 2001;14;28;29;31;42;3;
1520;Sat. Oct 27, 2001;9;10;27;28;41;14;
1519;Wed. Oct 24, 2001;23;32;38;41;42;27;
1518;Sat. Oct 20, 2001;15;29;30;46;47;24;
1517;Wed. Oct 17, 2001;5;8;11;21;40;17;
1516;Sat. Oct 13, 2001;15;18;28;36;43;6;
1515;Wed. Oct 10, 2001;8;11;29;43;44;10;
1514;Sat. Oct 06, 2001;4;16;26;32;35;2;
1513;Wed. Oct 03, 2001;4;38;39;40;44;17;
1512;Sat. Sep 29, 2001;5;9;27;38;46;8;
1511;Wed. Sep 26, 2001;3;14;24;26;47;6;
1510;Sat. Sep 22, 2001;4;16;28;35;41;17;
1509;Wed. Sep 19, 2001;2;14;24;44;46;10;
1508;Sat. Sep 15, 2001;1;4;37;38;41;15;
1507;Wed. Sep 12, 2001;3;9;13;24;30;12;
1506;Sat. Sep 08, 2001;10;11;33;39;40;25;
1505;Wed. Sep 05, 2001;26;27;31;43;45;3;
1504;Sat. Sep 01, 2001;16;21;34;41;47;17;
1503;Wed. Aug 29, 2001;5;16;22;26;33;22;
1502;Sat. Aug 25, 2001;3;4;20;40;45;26;
1501;Wed. Aug 22, 2001;26;28;34;37;43;23;
1500;Sat. Aug 18, 2001;24;26;29;35;38;23;
1499;Wed. Aug 15, 2001;1;18;20;45;46;5;
1498;Sat. Aug 11, 2001;14;16;20;41;45;24;
1497;Wed. Aug 08, 2001;3;5;16;19;39;14;
1496;Sat. Aug 04, 2001;2;9;12;30;44;18;
1495;Wed. Aug 01, 2001;12;22;29;37;43;7;
1494;Sat. Jul 28, 2001;5;13;34;36;46;2;
1493;Wed. Jul 25, 2001;6;32;34;39;46;18;
1492;Sat. Jul 21, 2001;15;20;24;27;43;20;
1491;Wed. Jul 18, 2001;5;26;32;33;37;5;
1490;Sat. Jul 14, 2001;5;19;31;35;44;12;
1489;Wed. Jul 11, 2001;1;8;35;39;44;16;
1488;Sat. Jul 07, 2001;9;18;36;38;47;14;
1487;Wed. Jul 04, 2001;6;16;32;33;47;1;
1486;Sat. Jun 30, 2001;11;21;30;41;46;16;
1485;Wed. Jun 27, 2001;1;5;15;37;45;16;
1484;Sat. Jun 23, 2001;3;22;43;44;45;8;
1483;Wed. Jun 20, 2001;2;8;31;32;46;13;
1482;Sat. Jun 16, 2001;2;5;19;29;42;17;
1481;Wed. Jun 13, 2001;9;13;26;32;47;6;
1480;Sat. Jun 09, 2001;1;6;18;33;36;2;
1479;Wed. Jun 06, 2001;2;13;16;41;45;20;
1478;Sat. Jun 02, 2001;7;19;31;44;45;9;
1477;Wed. May 30, 2001;12;13;22;32;38;21;
1476;Sat. May 26, 2001;3;10;18;22;30;26;
1475;Wed. May 23, 2001;7;12;32;39;43;8;
1474;Sat. May 19, 2001;23;28;34;36;45;9;
1473;Wed. May 16, 2001;1;3;6;9;19;14;
1472;Sat. May 12, 2001;10;14;34;43;44;14;
1471;Wed. May 09, 2001;4;14;17;30;34;23;
1470;Sat. May 05, 2001;5;12;13;36;47;9;
1469;Wed. May 02, 2001;6;10;23;30;33;13;
1468;Sat. Apr 28, 2001;8;14;27;32;40;23;
1467;Wed. Apr 25, 2001;1;14;19;21;43;8;
1466;Sat. Apr 21, 2001;1;7;12;25;33;3;
1465;Wed. Apr 18, 2001;2;12;14;35;37;13;
1464;Sat. Apr 14, 2001;11;12;15;19;29;25;
1463;Wed. Apr 11, 2001;5;7;28;30;31;8;
1462;Sat. Apr 07, 2001;2;4;25;39;42;4;
1461;Wed. Apr 04, 2001;13;24;25;33;43;16;
1460;Sat. Mar 31, 2001;16;22;30;37;47;22;
1459;Wed. Mar 28, 2001;4;6;19;20;40;10;
1458;Sat. Mar 24, 2001;1;4;19;43;46;15;
1457;Wed. Mar 21, 2001;3;10;13;33;35;18;
1456;Sat. Mar 17, 2001;1;6;15;20;30;17;
1455;Wed. Mar 14, 2001;9;11;12;20;22;23;
1454;Sat. Mar 10, 2001;12;24;25;28;30;16;
1453;Wed. Mar 07, 2001;8;17;29;32;45;11;
1452;Sat. Mar 03, 2001;1;8;19;33;34;23;
1451;Wed. Feb 28, 2001;1;3;5;41;46;9;
1450;Sat. Feb 24, 2001;3;8;23;29;44;1;
1449;Wed. Feb 21, 2001;20;23;31;33;46;25;
1448;Sat. Feb 17, 2001;3;16;20;25;45;19;
1447;Wed. Feb 14, 2001;4;36;37;42;43;1;
1446;Sat. Feb 10, 2001;6;17;24;36;41;1;
1445;Wed. Feb 07, 2001;19;30;34;41;44;9;
1444;Sat. Feb 03, 2001;11;12;16;29;38;4;
1443;Wed. Jan 31, 2001;8;23;25;26;35;13;
1442;Sat. Jan 27, 2001;1;3;25;30;35;24;
1441;Wed. Jan 24, 2001;3;5;15;32;42;4;
1440;Sat. Jan 20, 2001;16;23;27;28;39;19;
1439;Wed. Jan 17, 2001;9;14;22;25;38;25;
1438;Sat. Jan 13, 2001;2;12;15;24;43;9;
1437;Wed. Jan 10, 2001;3;14;15;19;45;19;
1436;Sat. Jan 06, 2001;3;4;29;30;35;13;
1435;Wed. Jan 03, 2001;2;7;28;30;38;6;
1434;Sat. Dec 30, 2000;26;27;32;44;45;27;
1433;Wed. Dec 27, 2000;6;11;13;18;27;19;
1432;Sat. Dec 23, 2000;5;30;38;41;46;15;
1431;Wed. Dec 20, 2000;6;9;10;11;26;22;
1430;Sat. Dec 16, 2000;21;38;42;44;46;24;
1429;Wed. Dec 13, 2000;12;15;16;29;39;23;
1428;Sat. Dec 09, 2000;11;22;36;42;46;4;
1427;Wed. Dec 06, 2000;2;19;24;26;43;11;
1426;Sat. Dec 02, 2000;3;21;32;36;44;4;
1425;Wed. Nov 29, 2000;31;34;36;37;47;26;
1424;Sat. Nov 25, 2000;5;7;14;19;25;4;
1423;Wed. Nov 22, 2000;7;12;24;26;34;23;
1422;Sat. Nov 18, 2000;8;16;17;39;40;18;
1421;Wed. Nov 15, 2000;6;9;15;24;32;9;
1420;Sat. Nov 11, 2000;9;24;25;29;40;4;
1419;Wed. Nov 08, 2000;5;24;34;35;47;22;
1418;Sat. Nov 04, 2000;7;15;17;30;44;13;
1417;Wed. Nov 01, 2000;3;20;27;34;47;15;
1416;Sat. Oct 28, 2000;3;16;26;27;32;24;
1415;Wed. Oct 25, 2000;1;14;21;33;46;9;
1414;Sat. Oct 21, 2000;2;14;15;36;45;8;
1413;Wed. Oct 18, 2000;2;4;24;30;38;24;
1412;Sat. Oct 14, 2000;3;10;20;28;37;20;
1411;Wed. Oct 11, 2000;5;7;16;19;29;26;
1410;Sat. Oct 07, 2000;8;14;28;31;33;7;
1409;Wed. Oct 04, 2000;4;6;7;15;36;7;
1408;Sat. Sep 30, 2000;2;5;14;15;34;2;
1407;Wed. Sep 27, 2000;1;5;6;9;33;22;
1406;Sat. Sep 23, 2000;14;15;39;46;47;21;
1405;Wed. Sep 20, 2000;2;6;25;30;46;18;
1404;Sat. Sep 16, 2000;9;13;16;22;35;23;
1403;Wed. Sep 13, 2000;26;35;37;39;45;6;
1402;Sat. Sep 09, 2000;4;6;11;29;32;11;
1401;Wed. Sep 06, 2000;4;30;36;43;45;15;
1400;Sat. Sep 02, 2000;5;7;10;12;19;15;
1399;Wed. Aug 30, 2000;2;6;10;27;32;9;
1398;Sat. Aug 26, 2000;6;7;10;20;42;13;
1397;Wed. Aug 23, 2000;16;32;38;43;46;8;
1396;Sat. Aug 19, 2000;11;17;34;36;47;1;
1395;Wed. Aug 16, 2000;2;16;22;31;34;10;
1394;Sat. Aug 12, 2000;6;8;9;14;47;20;
1393;Wed. Aug 09, 2000;5;16;20;21;44;17;
1392;Sat. Aug 05, 2000;14;19;33;41;44;9;
1391;Wed. Aug 02, 2000;6;9;31;39;44;24;
1390;Sat. Jul 29, 2000;12;13;35;44;47;17;
1389;Wed. Jul 26, 2000;4;12;16;27;41;1;
1388;Sat. Jul 22, 2000;24;27;28;42;46;18;
1387;Wed. Jul 19, 2000;13;23;26;39;41;14;
1386;Sat. Jul 15, 2000;23;30;34;43;46;13;
1385;Wed. Jul 12, 2000;8;11;19;26;28;16;
1384;Sat. Jul 08, 2000;8;23;38;40;41;23;
1383;Wed. Jul 05, 2000;1;3;26;40;44;26;
1382;Sat. Jul 01, 2000;17;25;36;38;40;15;
1381;Wed. Jun 28, 2000;6;12;26;36;38;27;
1380;Sat. Jun 24, 2000;1;4;37;45;46;16;
1379;Wed. Jun 21, 2000;1;2;5;23;45;11;
